,3.1 I,3.1 II,3.2 I,3.2 II,3.2 III,3.3 I,3.3 II,3.4 I,3.4 II,3.4 III,3.5 I,3.5 II,3.6 I,3.6 III,3.7 I,3.7 II,3.7 III,3.8 I,3.8 II,4.0 I,4.0 II,4.1 I,4.1 II,4.2 I,4.2 II,4.3 I,4.3 II,4.4 I,4.4 II,4.5 I,4.5 II,4.6 I,4.6 II,4.7 I,4.7 II,4.8 I,5.0 I,5.1 I,5.1 II,5.2 I,5.3 I,5.4 I,5.4 II,5.5 I,5.6 I,5.6 II,5.7 I,5.8 I,6.0 I,6.0 II,6.1 I
<<<<<<< HEAD
Aino,,,,,,,,,,,,,,,,,,,,,,,,,,,,,,,,,,,,,,,,,,,,,,,,,0.11861829424210808,0.14387063289270235,0.14051777837483156
Albedo,0.13659251172252648,0.1428745372140535,0.1344364827218858,0.13577572763059123,0.1426613699678347,0.14617732832412972,0.13503468045258876,0.1290448246860502,0.13212951893333305,0.1308922238271933,0.12667730661220875,0.12618861011808527,0.11994999489798398,0.10928102188956813,0.11911234985323076,0.10303054554151206,0.1202575885516734,0.11333167173930388,0.11900338443472433,0.11574189116333782,0.12529854133505106,0.11435252030980322,0.12591006914580663,0.11764892099842193,0.11522925763091459,0.12522737838647585,0.13067044522340449,0.11246193236926837,0.11789918826282944,0.11949107625132867,0.12089544453286463,0.1091750997878946,0.10502675005395574,0.10498560061015029,0.09864033836705535,0.11223638215791323,0.09012667720392128,0.11208354338890664,0.0926668224390822,0.09582145208157201,0.06285218418449064,0.08722095072493465,0.07290516255450356,0.08735071081174488,0.08965953814293458,0.05659397679791258,0.05953641896157339,0.06491132616865446,0.0604271006027165,0.06143876980701335,0.06178017059855241
Alhaitham,,,,,,,,0.10860492135282433,0.13584349625396666,0.13218913664558116,0.14155326900995951,0.14010443301793343,0.13349736742956236,0.12875292015869477,0.1390131602260871,0.14163223476113426,0.14809947828357903,0.13601050023657402,0.13326925469017378,0.13015394557322219,0.13121333053534057,0.13834830514390747,0.11394768638371222,0.11571554913012186,0.11411385948720525,0.12196296252647035,0.11361556578692039,0.10248177446010331,0.09909996474030387,0.10900108638853741,0.09333252969647436,0.09994707525426973,0.09984965671446086,0.09959023279530435,0.09486695927981086,0.10654012716353777,0.11624150717867363,0.09480786138153768,0.09810061762654901,0.08982242410662444,0.08501052726863298,0.08874612734071273,0.08921928955728754,0.0971660450592744,0.08736148890961723,0.08304389839688425,0.0824541506221771,0.07088617452868268,0.07424109251137702,0.09034232652386003,0.09175963692248629
Aloy,,0.019956028707542737,0.030681636372440788,0.05005041796095146,0.031148107813615322,0.01581133077162684,0.007510181788398142,0.03999881355786342,0.020992224625255334,0.03141814490730236,0.027374843942972585,0.015565874277309023,0.022636651302168267,0.019847066175286338,0.01795002739965549,0.02016066888983217,0.023066501311938853,0.021008818201416278,0.019865050301412494,0.00913850857705385,0.04677093733685236,0.02448331621224488,0.02879929601166162,0.022113935272141613,0.0432876502275527,0.01723104940032983,0.011642162364114802,0.045341723072683415,0.046447561465737926,0.01477002646393354,0.02676332349461986,0.018479894616036958,0.03906655300365323,,0.01709457274310787,0.00655173070475145,,0.07613314145556227,0.04240327362676917,0.04447700315403465,0.034307428899874315,0.0443846365392761,0.02771357462323154,0.024953323583957777,0.02679643185161634,0.031724876758780045,0.025024127103088503,0.03370216649589562,0.029103286208315305,0.01711265164583356,0.01797800480542446
Amber,0.06840488092330381,0.06085175714149567,0.06818131567779558,0.08355180838864536,0.07501061012677405,0.05821469002275564,0.06653408152616344,0.08786893748885666,0.05452904533198125,0.0796866803730105,0.06229511044623707,0.07876464768933349,0.06546504310535187,0.07718629876947207,0.0683818623580917,0.055665991302557775,0.07710605938672342,0.03893565903249198,0.041935664038462765,0.0333954020692786,0.055396685799081184,0.06070325875420006,0.0750123297274038,0.020647840617941393,0.04857993192848466,0.054516653535974825,0.05953278714602503,0.06202072638784605,0.09380221117376486,0.04368436486389543,0.04116102802304022,0.0830736977198907,0.06223220400744148,0.0468694502625097,0.03224838593374799,0.027093955714201343,0.06092448440584567,0.053829495696115906,0.0803852498401,0.09728995968158888,0.0690441286656362,0.06811698303007116,0.05268784894015189,0.052371530850475655,0.0843963895336224,0.04197523197528247,0.04264266317109858,0.047934022663073915,0.013343082009705652,0.024643337502075834,0.05095258425915622
Arataki Itto,0.12844485770449252,0.13408896298719772,0.1346018280858775,0.12702595463372085,0.1342491300260866,0.13375337912780985,0.13271303643142723,0.11887086624546005,0.12712743341758226,0.12671975688537868,0.13127667851737673,0.12282161154608486,0.12148483467417137,0.10831373520088987,0.10173780201190628,0.09509612930898537,0.0865800422930973,0.09244967462896424,0.09799433384682041,0.09648957194375918,0.10089619845666242,0.10119246605877835,0.10260686854106815,0.09050935313306066,0.08589099190055523,0.1016561417458238,0.10365634738554423,0.08419929706050382,0.08849132457119528,0.09557025063541368,0.10013092061683229,0.08253607060308091,0.07928879103410051,0.0767825261225828,0.06240085176022875,0.08724336879168178,0.058361929352932995,0.09407776553384242,0.06278622098530587,0.07627281881748393,0.07531343145934742,0.061629828795900586,0.05083762959527991,0.06377438115821575,0.06263494910746849,0.05774542405511575,0.043663703380863846,0.04694626043320033,0.04316917997525921,0.0555717359982839,0.03590080042094971
Arlecchino,,,,,,,,,,,,,,,,,,,,,,,,,,,,,,,,0.14093998654395706,0.1516099508974325,0.14762423039859554,0.14052928187623662,0.14217979092339142,0.14636516259075188,0.13501994957659352,0.1401583424402847,0.13534004020111234,0.14219019346470654,0.14168669256042696,0.14240620624416453,0.1446624198568891,0.14057629565183596,0.14928394977595213,0.14657284550390703,0.13774716608670046,0.13076835173140186,0.13618581550379358,0.14958763069323383
Baizhu,,,,,,,,,,,,,,0.1378918399394982,0.1520189876097028,0.15012982533572725,0.1553714510066858,0.15432538803823587,0.1493745369442237,0.13672625946299583,0.13634885688801004,0.14398972739963095,0.13704104002253303,0.14501889262869813,0.14162927208752743,0.14176241384128005,0.14119110963230666,0.13327224819560896,0.13237644689972936,0.14286088609387745,0.13086122156392851,0.13813790856302788,0.13499025238153295,0.13593311098322738,0.13336327231745337,0.1328007779653291,0.1271279747770262,0.12699974542732106,0.12491190781650462,0.11855183984533592,0.10214751321364032,0.10573981852560438,0.10884786970959034,0.12401890249155595,0.11239450428402607,0.10885030879931654,0.09280473873810922,0.0888283260393487,0.1004659802980137,0.12192310185732255,0.1260419033423463
Barbara,0.1527239198818015,0.1464772471027487,0.150468732501553,0.14814384409052167,0.15253740711234764,0.1525564538915776,0.1512706100936932,0.1462134692917813,0.1485036058292637,0.144650480237293,0.14575030142704706,0.13813544111242865,0.14291136447125674,0.14787976048078225,0.13749517196266411,0.1382290235386273,0.13622142340373913,0.15656365247807902,0.15561803665927737,0.15239130553832858,0.14863098127182728,0.14240882806731273,0.13561027571532092,0.13563367537034532,0.12838370260135776,0.12903657616332767,0.12002419689515828,0.11964365968839535,0.12144214973580933,0.11552443629804189,0.12363339285331706,0.12514121819739468,0.12008167932366441,0.13241509898224038,0.13325195888506786,0.1110093054087104,0.11759927321475999,0.10831576593257883,0.10784550322085046,0.13145374669405346,0.0921053304751838,0.11049522583269128,0.10413440732566004,0.08430141850140319,0.08385763948478551,0.07329725548146131,0.09117857336134641,0.11007872383931162,0.13232052287926044,0.10721652364680523,0.1119153887667844
Beidou,0.13175882718592735,0.11908815328431495,0.13891414440874142,0.11983029357602058,0.10341987253713568,0.1381452056045845,0.10525204004268356,0.11311819310727107,0.12446632328819479,0.12209837225705475,0.11241584041466866,0.10382795280069226,0.1224603994323525,0.13103643250591632,0.09843522424538922,0.12066240574379554,0.11920210730366766,0.10894677429808734,0.12350660840508154,0.1132883147331536,0.10631308040492375,0.09897758061112247,0.08583316617250156,0.11696536267566855,0.10965227405875347,0.11432691941360211,0.10682377808905186,0.10992414958946614,0.10620487515397992,0.12184613893596678,0.11044287927891247,0.110460083283721,0.10176981524334223,0.10922611798939838,0.12252908323369656,0.11045003966227088,0.08861985392870578,0.09385933596539156,0.10050910874886443,0.08689340018351727,0.08382108690503859,0.08568552744617887,0.09967815574666675,0.07410009203891868,0.06736556866398902,0.045758424533661704,0.025553969567588833,0.07985665406136785,0.07602960560193969,0.061780334622223154,0.04395555356756699
Bennett,0.16019702955824966,0.16039258732637895,0.15655906056396932,0.16038775944945316,0.1626672477098758,0.1567377067566012,0.15400384382338997,0.15197815655924188,0.15412658718584277,0.15073367100590557,0.1541303208094984,0.15402835106337923,0.16027058918324918,0.1607059803330252,0.1605506477800497,0.1715336467967498,0.17420003599507553,0.17221535171975677,0.1675259200914402,0.16479789020596408,0.16272865235782744,0.15332032502295315,0.14529869111238228,0.15680859295789384,0.1538193176630054,0.1467523266815065,0.14380176967526043,0.14483455692391903,0.14697827869029287,0.14127574760128242,0.14515867546526814,0.1450404902204858,0.15396442463925472,0.15244486689992212,0.15686491865014576,0.15016014546270093,0.15116115954855722,0.146295425661344,0.14731057783885138,0.14484247884852888,0.1445417010309756,0.14168669256042693,0.14473938872792294,0.14798754281275578,0.1477267098770194,0.15566132128542226,0.15486556828893722,0.14884063025300687,0.1485691486911608,0.1454662490997322,0.15454040461634544
Candace,0.04445263976095729,0.050952522208393546,0.05119430700774669,0.036650561672508374,0.04780789697143377,0.03618293440249463,0.034574227367107885,0.04434719213537762,0.04465745343915073,0.06863922396456594,0.029679763149303026,0.05134957276962692,0.051893821935563245,0.0696916509987738,0.06404966180013295,0.04400872525291775,0.066772502035749,0.0637012258690081,0.07318672732644442,0.06884374438289446,0.06563813106825804,0.06293944133664153,0.11683322688947306,0.0749803133647418,0.08188970650566982,0.07251503052336161,0.08467850748209758,0.07419981653342204,0.07655236691970152,0.06898750752894316,0.0724607122846222,0.06020771511503969,0.06651037577911899,0.04795707750648779,0.06147532283998088,0.013535033799571,0.06153821567260048,0.052602143664470045,0.0568121019270023,0.06477854728127126,0.034887091144675746,0.05425839227577601,0.059357126988454224,0.012091693964579995,0.03264414483959971,0.03303405013631835,0.048745469190657316,0.07465006112379019,0.053125284947691004,0.041690234475420175,0.047571615659868956
Charlotte,,,,,,,,,,,,,,,,,,,,,,,,0.11985266861324281,0.12515448127993226,0.12062897500149053,0.11399936730111736,0.12207336592117744,0.11451670568408898,0.11119577106214382,0.10678722360349269,0.11903860097034911,0.12303582219082985,0.10990294146088028,0.12075129081020908,0.11248164608571848,0.12731458843712065,0.09352931248222525,0.10147747898568266,0.1033379405193025,0.11579294494558072,0.11575470009965136,0.1123470420949462,0.12346128094567038,0.10727988369740254,0.14452088041218109,0.1461266297984059,0.09486074920275536,0.09184108202227112,0.09483389787797189,0.08400215608055014
Chasca,,,,,,,,,,,,,,,,,,,,,,,,,,,,,,,,,,,,,,,,0.137041495759781,0.13263591686754,0.12132548778934386,0.12240090405869244,0.12051630034848515,0.1319194517237841,0.113826026108607,0.12120966438600363,0.12318963730696901,0.1313701767560472,0.12656078986735828,0.12523485346097016
Chevreuse,,,,,,,,,,,,,,,,,,,,,,,,,,,0.08238801525967718,0.07356202769196643,0.07282547506318952,0.08424840507322197,0.08253876687326343,0.11367735903937859,0.11691739274188806,0.08636729623922791,0.07364150186090901,0.08932251386989308,0.08753485751470272,0.08380990509205641,0.09123491471956306,0.10286343066272613,0.1046222103052004,0.09478669206657277,0.08814131752329513,0.0955825863915701,0.09238182048550742,0.10851203031966247,0.09624719167992922,0.0987613355945772,0.09718984223185143,0.0793355455886951,0.10776530957758057
Chiori,,,,,,,,,,,,,,,,,,,,,,,,,,,,,,0.1334521129219312,0.13813585756514457,0.12081026616104824,0.12002374637390764,0.1262573210024208,0.11590356166658207,0.12429571072432997,0.11107875486387156,0.13440226750095738,0.13899907502387637,0.13071049708037236,0.12788245061824854,0.12307370000564735,0.12076924389067926,0.13049747508336595,0.1271821194055198,0.12404909403867491,0.12351033637359671,0.11311818502036554,0.12340668063530387,0.1030441996695855,0.12264691536352457
Chongyun,0.12522166437537274,0.11024420115328418,0.10981121163177275,0.09556432918678619,0.09047807190603895,0.08935693037309314,0.10293934541157447,0.09462735578425241,0.09434999694800268,0.10448180571011743,0.11627760152785217,0.11582400351714027,0.08156971124821306,0.07158676039763336,0.07071048109564226,0.07473188989876753,0.0675892073855651,0.04884738983068432,0.05984939395607103,0.058326067621950764,0.056750116652877124,0.07048681248848274,0.08343367882327002,0.052793576368638614,0.06364993711325305,0.0776629825800455,0.0899646078229337,0.0714104400650194,0.08523263676298908,0.08337910114403506,0.07248815457494284,0.07672935451788222,0.061237749070629406,0.05015507682824446,0.04752050520349486,0.06468655301822672,0.028860822475765633,0.050650952271493216,0.04551065696003391,0.03938496628607302,0.09799413964135245,0.0880942133552737,0.0686516309355783,0.0899385527924597,0.06341853024820003,0.10631561109659815,0.10604959353650249,0.061819089890709146,0.05370520954540026,0.05186813792091381,0.03554381480481088
Citlali,,,,,,,,,,,,,,,,,,,,,,,,,,,,,,,,,,,,,,,,,0.14574627878858784,0.13905997025164152,0.14401621775605872,0.1460641457181987,0.14269867036323036,0.15322216680322623,0.15463180106787305,0.15050248075599645,0.15373694149136474,0.14582829055319776,0.14887629030033442
Clorinde,,,,,,,,,,,,,,,,,,,,,,,,,,,,,,,,,,0.13184105798561982,0.1329412414401339,0.11361580705042552,0.12099168653943958,0.10866763354170113,0.11150672116859058,0.11158141844340498,0.1100454324343918,0.10883759088427926,0.11328723434539571,0.10372650847153568,0.10525878642306863,0.10480059753979734,0.09690316591641848,0.11387583604228665,0.11212626269462339,0.10612736552921466,0.1004452740666176
Collei,0.14510889976197924,0.1357031228676737,0.13320080420718802,0.1265586140605801,0.12125905292365713,0.12615932057470447,0.10938506525373122,0.1182090631344079,0.09981999932091165,0.10944439837539852,0.11907868419329418,0.11778063699507711,0.11100019939501664,0.1129815046425788,0.1086975432649018,0.10699463491570428,0.10866609922765366,0.10092955667364384,0.10449868137536168,0.0806554027109582,0.08300577419574949,0.09186644380461793,0.09060379111273831,0.07473127788770413,0.09026371774952724,0.09648863619379358,0.08118119765678065,0.08255634777002746,0.08786420864451533,0.06766244382429534,0.05418886195570421,0.07148969446377035,0.07155809984746965,0.07890176747250924,0.060450516246112654,0.06531739641669898,0.07865511618408366,0.056487659851983625,0.10095096694639082,0.08908795740088458,0.06978708039414547,0.06008510423954633,0.07218906895048229,0.07440717544520552,0.09138682302195504,0.046313465328216764,0.03744420464411232,0.04953145751503532,0.05918313504704691,0.09784172010116128,0.10707942882984628
Cyno,0.1111217827872212,0.12109581859818812,0.11993617856862239,0.11320652649355184,0.09996267979130331,0.12653630705528662,0.12041408734718977,0.10400329306381371,0.1121313872543579,0.1021661053925659,0.09520671788511378,0.09708248710978157,0.10512240999457963,0.10541012370568098,0.08800741200877145,0.08986856802687815,0.09179921663149215,0.08921027687383656,0.10262514764226754,0.08414842925764553,0.09426925089769404,0.08948829533943486,0.10603714094517414,0.11019680613604001,0.10082026043688747,0.09122445465434285,0.10184469173455868,0.09909072578376354,0.09973783323679902,0.09667583519869218,0.08831267237748772,0.08344736461013869,0.08574677116570659,0.08980277260768957,0.07797814162187165,0.07738747629094703,0.08376456834759813,0.08311672692657213,0.08908294273828238,0.0555766315400549,0.08614945602745072,0.08643635978988477,0.0946588393901157,0.07238370116631546,0.06807587392986306,0.06884238657266667,0.07906265361847228,0.08602746220787456,0.08541241925952145,0.07457915486828791,0.07395437867113387
Dahlia,,,,,,,,,,,,,,,,,,,,,,,,,,,,,,,,,,,,,,,,,,,,,,,0.08261492606097318,0.0996982660120781,0.07888987058538457,0.0817989713473896,0.0690460656783458
Dehya,,,,,,,,,,,0.13955291864941893,0.13481477122546645,0.12363402730083585,0.11559457815149174,0.12032242597847763,0.09820733855548486,0.09241316133153915,0.10008416216620841,0.10702534726795279,0.1106587146776644,0.12918721938360112,0.1166186561091951,0.12261039016989153,0.1179454068908049,0.11748009124078433,0.12002705804713813,0.12691457134402698,0.12158918932358441,0.1250925367297768,0.12687830517506174,0.1277050166081435,0.1380474413908474,0.1354359482766799,0.11954616592484214,0.11368838499232867,0.1346606882039091,0.14203002184840996,0.1400223764022224,0.12739706383271196,0.12216288572184707,0.12775839927294314,0.1250310330110053,0.10563217020986634,0.12309567980542574,0.10442312865734565,0.10844782680722584,0.10100857345758615,0.09547564981069788,0.09539297177155312,0.07026896181727323,0.1007139323856399
Diluc,0.12554087090134,0.14413866635675351,0.133853308570897,0.1468217158022276,0.12519840758624806,0.11450581657896576,0.12675378295346976,0.13594744519717644,0.12386843235966274,0.12705668185469174,0.13286551535019742,0.1289334557874126,0.10740446976155234,0.09719008830045474,0.11256197550881866,0.10733719233856481,0.10375964324790206,0.06582379294940277,0.09214460860035195,0.09403405934822032,0.11411920506164026,0.09703694481812776,0.11615822296070237,0.10280111365094743,0.10243685378758648,0.10807631218962123,0.10866543310143206,0.10239867225045259,0.09658534618104832,0.09493802201141024,0.10101578085040934,0.10933005715965012,0.10479350659053241,0.0803386447835105,0.05246281974586797,0.0868620560265833,0.09481081960775768,0.08382344124353204,0.08105901352808297,0.07953915335897867,0.09630968890140014,0.0912993307881615,0.07542399936866764,0.07017998042476487,0.08827121574663087,0.06431672861715276,0.07641321644209363,0.06152684296299787,0.055876942495314545,0.05338583271564928,0.07134960860045507
Diona,0.14815810503487187,0.15454457587890652,0.1537659720345457,0.15491833166499136,0.15144811473934439,0.1460582969191016,0.14662135536863763,0.1492214778553056,0.1506467534368265,0.15037100585854307,0.1431443124961289,0.14250580731785617,0.14353388113167273,0.14252306548434354,0.1397775304180596,0.12829901937224647,0.13498259781906477,0.13309527204878868,0.12523246669269875,0.1317192255686606,0.13088579195650754,0.14066342749852062,0.1357775767916396,0.1325368860504757,0.12129833963187342,0.12970705019074577,0.12674946037184828,0.12933801912531814,0.12491204991475593,0.1266526973061988,0.12778011673241588,0.12295571410558091,0.117761181253124,0.11883612526670848,0.1169960890061441,0.12043431784027023,0.11638649334355507,0.09958968273324183,0.11807460167002658,0.11927937829074269,0.13331306883992938,0.11883371475589252,0.11095213895076239,0.1140215488462469,0.0772181294979875,0.1339496114763427,0.12015390834089054,0.08551899758229538,0.09079504355960878,0.08346167812041275,0.08191036853259075
Dori,0.06805284429220823,0.09900385612121078,0.08780061044065952,0.08042161513450115,0.07630959643011011,0.09887076157141704,0.06512904686650446,0.10478875932690501,0.06737150956634927,0.07716537757610406,0.07452519766632548,0.07661509232130022,0.08382729469528007,0.06499208947786528,0.07705622402679543,0.05104645213307656,0.0713180140611855,0.08516071148165984,0.08925333769362673,0.05817684910600719,0.07074652641317337,0.09950987265841997,0.09440135485088928,0.09697014496770814,0.0956883874450226,0.08366707022011416,0.07494911028289554,0.07306659843498117,0.06785007048329386,0.08327476569787022,0.08028403880264696,0.07554469891276769,0.06654463442823744,0.02572500879416913,0.05252608693761059,0.0697419966264638,0.0465191682763741,0.053420788695488296,0.0446839029179251,0.07286750903655602,0.07317947721508761,0.05383746509374584,0.06421275760973269,0.04028271979556509,0.04487471258388464,0.024526851274872988,0.017839445705854124,0.058410244479353855,0.06804206788788708,0.06797557103843002,0.04612484381711337
Emilie,,,,,,,,,,,,,,,,,,,,,,,,,,,,,,,,,,,,0.1277091660336558,0.12464750187354473,0.11219729357922546,0.12514486261564747,0.11931801833433374,0.1132582712547867,0.107860807652122,0.09824789525741917,0.10991272703033883,0.12349608628369982,0.10139641744795118,0.09062996026334857,0.0911485219805791,0.08557676803022267,0.10614498167872309,0.11387501177864541
Escoffier,,,,,,,,,,,,,,,,,,,,,,,,,,,,,,,,,,,,,,,,,,,,,0.1306237803470902,0.14656791101290534,0.14584751194515214,0.1263716705709784,0.12633426105561904,0.1182884358070558,0.13240071321704555
Eula,0.12356986083318615,0.12281298674659925,0.12466836068541853,0.12464989930928043,0.1301041036530582,0.1143808216727028,0.1122304616997537,0.12069282035155282,0.11013946704583245,0.11540264790511283,0.11648142224775243,0.09597052930504675,0.1050855695436201,0.09936532748772421,0.09797587833857928,0.0836805570648422,0.08052346108744388,0.11176361523898562,0.11092473223760567,0.0996075564842835,0.09940403620209742,0.11358208812474176,0.1194630184485045,0.09622901959617458,0.09851524408908595,0.09756255912576066,0.1118240837566222,0.0820190414417517,0.09802034916131963,0.10304864043315638,0.11466047707708317,0.08745962622247262,0.08329389921574044,0.07617017118437286,0.08732060026753297,0.07967459845779622,0.08315876609842111,0.07817804264011376,0.08563665313700568,0.08081201617306462,0.0919714694768876,0.08621165973258445,0.08076893564001411,0.08984577411589646,0.08091930521390155,0.08245263809622076,0.07141224020855469,0.06341296900774435,0.06541035102787118,0.07312210693415572,0.06267216097946395
Faruzan,,,,,,0.1394696939897603,0.1324781969458661,0.1151263979552061,0.12081212218676746,0.12210733850650153,0.11571543027443663,0.11293958547316017,0.1440613582573383,0.13192275257602704,0.1215954284620653,0.1257176293776105,0.12730665790983292,0.13654597032729043,0.14339575135069604,0.14062455831983456,0.13163972698871568,0.1306048514681427,0.11640047669958392,0.11308373351501587,0.10907541464058994,0.11621090227718132,0.1186763064098771,0.11287989618643045,0.12491474599629625,0.11301330526346949,0.11620549945827814,0.11650490687480546,0.11592781701842413,0.1216321330593741,0.12058471513043946,0.10889679570413899,0.10415506002259686,0.11558436458864238,0.11725672353036627,0.10782303598283749,0.09529232446046874,0.10348087840360465,0.10278478124529038,0.09350541910089703,0.10022918994928529,0.09008937483446561,0.08539977493779283,0.08743349582933925,0.08598316971082143,0.08510614981578178,0.08069049564118067
Fischl,0.15813575554786805,0.15015742240260962,0.15158795124332491,0.15272383440261086,0.14737825305445695,0.14770424438804458,0.14761443688636589,0.14543232559764468,0.14217848910585304,0.1390916479303109,0.1422314564212318,0.1387887863656847,0.15249802217454783,0.15290788237266456,0.14300152509298492,0.13501113745703924,0.147880822048021,0.15020819594594054,0.15294099801033398,0.14309562207136842,0.14176614083371078,0.1352834187277635,0.13853154406941448,0.15051057510576574,0.14728173960649604,0.14125912108322258,0.1377785227931153,0.14004850449176695,0.13443576177941804,0.13541900243205954,0.14039888630199385,0.13225673653333606,0.13369845988217713,0.14327007736701422,0.14849623896673347,0.14565746193652968,0.13613849587071747,0.12944053002526437,0.1431745222474222,0.138804869156334,0.13265438672155971,0.12653094465822326,0.13568085662366827,0.11334280725548654,0.12550194449909322,0.11130480876723627,0.10993408287337701,0.13402840130372012,0.1367814502519126,0.12477445463003962,0.11709844802729077
Flins,,,,,,,,,,,,,,,,,,,,,,,,,,,,,,,,,,,,,,,,,,,,,,,,,,0.1413956950727755,0.11360677304148598
Freminet,,,,,,,,,,,,,,,,,,,,,0.025443135604359384,0.040590409315752043,0.04421188405398162,0.026546965436157362,0.04201810292285554,0.03998569279562417,0.0615081763253687,0.04514148259493593,0.04731132249470728,0.06303996367117572,0.07450273853343611,0.016617117053180575,0.028324373705095975,0.033501705367135995,0.012376524645894194,0.06097650218415889,0.02633648285440173,0.044707243636697196,0.04315611796627972,0.024678629794904743,0.06126063317350807,0.06439135394507363,0.03139504312853907,0.027489357457663774,0.03684761090778892,0.039842407648221986,0.046846137396523525,0.019596253519956055,0.013668068558198028,0.020349340774021507,0.029717452587332834
Furina,,,,,,,,,,,,,,,,,,,,,,,,0.15773772330719615,0.15676588094126767,0.1486436565006422,0.14519768463983956,0.1471413515832275,0.14631768087149596,0.14564302951260255,0.14813841376308864,0.14663258409793434,0.15447118885420058,0.15432014932548452,0.16356184260914902,0.15027279178597386,0.15202549850202798,0.14842237337601422,0.14948647443679064,0.14607057764352113,0.14604879214127572,0.14168669256042696,0.14482038200208863,0.14820374870949357,0.14835831982275083,0.15714721940765042,0.15570035939591337,0.15074078764509152,0.1567227785075522,0.15361385187159363,0.15628745076152017
Gaming,,,,,,,,,,,,,,,,,,,,,,,,,,,,0.10638611185767562,0.09789866157178223,0.09973519649762513,0.09293621223934484,0.08846549626862137,0.08492107308869898,0.055735861058416256,0.07371649111139086,0.09633472959351892,0.09389667164961099,0.08951886320393519,0.07140806716316066,0.06354914023250162,0.07779596197567841,0.09030818845795854,0.0945570048803234,0.05974784870568502,0.07408413657402946,0.0463746243323217,0.054654261589699674,0.050803120355025655,0.04522598912612294,0.054530204135860155,0.04096141085550761
Ganyu,0.15557549675034357,0.14844016636526813,0.15293936941731967,0.1537324195700119,0.1516551021569086,0.1452081791033159,0.14390532479344337,0.13805665210442744,0.1495938289254146,0.14171273160323938,0.13923049760406545,0.14223758273311896,0.1313404054074901,0.13913429700935176,0.14134178281228427,0.13431112487384575,0.10983624344405585,0.12811771806490305,0.12796486768412033,0.11394388460094892,0.11466385550704113,0.13325855724072905,0.1287569023414685,0.11492364464462117,0.11803456453227275,0.11915285651223896,0.12068418723801491,0.13243759112068448,0.12708763596660966,0.10861381717178009,0.10813140575515462,0.11188759043308671,0.11445849865060183,0.11114430850720383,0.10329859599122439,0.10143448242861867,0.09956023527901503,0.09461480102859521,0.0943916058852359,0.09480468224579729,0.11004278080186519,0.11980388887434665,0.10524061226836318,0.11140920976738213,0.0991271154337822,0.13029888438163398,0.11691386103923027,0.09504874746530227,0.08744464005375167,0.09013986936973359,0.07670918509016157
Gorou,0.11683595307782416,0.12797549568565542,0.12395928700162918,0.12298214581922086,0.13172617969119588,0.13655964471611473,0.1276721894998856,0.11228305224843531,0.1140229465887422,0.11098131205859961,0.12124104714019435,0.1176949438835765,0.11476152795674148,0.10668586138473485,0.09369854348690389,0.0844297213363396,0.07658238342933157,0.09173816911809557,0.08769803079981255,0.117705683769365,0.08605903340288641,0.11000497492653033,0.108315122644899,0.07779280875193628,0.07792863551027245,0.08973378564004773,0.09717501836815313,0.0980207777210442,0.09460674118327868,0.09018481610133099,0.10452825111422058,0.10623140640629154,0.09214331645169531,0.0901058584369714,0.07813267107021311,0.08337053974805843,0.08008848405559933,0.0965845755006009,0.0990399100847708,0.09122363879324388,0.07356840972305259,0.0865155913054199,0.07037656599832567,0.08236636179168613,0.06848483143946597,0.07403177653341879,0.05870530314648001,0.057291199915444256,0.06574099256011715,0.05752635450844764,0.05530294747575852
Hu Tao,0.15359316534876988,0.14055921837557547,0.14711985588147677,0.14675563343826561,0.14383667514071335,0.13946046274335355,0.13442083411769812,0.13199030515866086,0.13413676334400107,0.14595366915255104,0.14046935010755254,0.14677484484567033,0.14893327822468697,0.14313831198810434,0.14589536966747496,0.14484025656638475,0.14957754328638567,0.14672267261815983,0.13737111498955673,0.14952857037091982,0.13327783544271116,0.1252817939410153,0.12285147921667432,0.12458314679412959,0.1284762899004673,0.11731442566441584,0.12051849829478281,0.116893338650113,0.11633854295676246,0.11487185324049291,0.12379021301675612,0.12747054594554327,0.11784659190591591,0.11732164554157573,0.10780525936564553,0.11309837202220807,0.1228504645657963,0.09964273275701095,0.11433117801840438,0.10786515039935966,0.09979034996796621,0.09294184782886122,0.08414518081404199,0.1044230246489438,0.0961564250297187,0.09950377521304997,0.10460215140202109,0.0923161522212187,0.09056410721869386,0.0890315963526403,0.10116397972861232
Iansan,,,,,,,,,,,,,,,,,,,,,,,,,,,,,,,,,,,,,,,,,,,,0.126689594021538,0.11863458377093428,0.12267772816763382,0.11933203548353605,0.12652005325123933,0.13663875711320853,0.1268093867556183,0.12825581033543942
Ifa,,,,,,,,,,,,,,,,,,,,,,,,,,,,,,,,,,,,,,,,,,,,,0.06788874860914565,0.054069640343788826,0.04568100783333406,0.07487232799431134,0.05283996170152885,0.04148530320306238,0.03159426365194252
Ineffa,,,,,,,,,,,,,,,,,,,,,,,,,,,,,,,,,,,,,,,,,,,,,,,,0.14452174075814617,0.15199820514375964,0.14911974038614545,0.1349871389735947
Jean,0.14709673415873614,0.15326791792740665,0.14584483999905629,0.14312827437213485,0.14874232609723037,0.13623817676095526,0.14774453201606866,0.13485735169996138,0.14588859464529702,0.13845655499072373,0.14345175808600433,0.1401497855891582,0.13319781533769473,0.14655164282774755,0.14651358393752834,0.15070125517894525,0.15290649140720194,0.1361513096800281,0.13616787030070177,0.12960014866141684,0.13870040099403427,0.14455306748159458,0.13069474046002708,0.14745728581291206,0.1455832299354035,0.1392884571494397,0.13820855793676326,0.1387329750817744,0.13452118982849198,0.13560628960645332,0.14009449285412062,0.13586352210868582,0.1377695121849674,0.13264269053021766,0.1418730740774831,0.13425142024132752,0.13536232510622515,0.12344033369052174,0.11696345439802723,0.11615427774720982,0.10750565972941857,0.1142426047614025,0.1213362987265824,0.11007527389977768,0.11211771300509675,0.1011817793605991,0.08764516206112108,0.09310124890745997,0.09913738425791384,0.09945562969596689,0.09074311216009572
Kachina,,,,,,,,,,,,,,,,,,,,,,,,,,,,,,,,,,,,,0.10872196576021148,0.12214004289181873,0.0986554072842724,0.10952155083124664,0.10135449423795223,0.08572863270656055,0.1249459228794,0.11067853259281812,0.0910688088514436,0.0764708993278849,0.07910108869870695,0.09693369627555937,0.05044703607070381,0.03159341906606517,0.04468519119644393
Kaedehara Kazuha,0.16019702955824966,0.16039258732637895,0.1561258401871672,0.1592856096076121,0.1624830270017058,0.15251341894274606,0.15400384382339,0.15276331276349667,0.15279111492501637,0.15224480241298546,0.1499062447997385,0.1506119777914949,0.15945459676985985,0.15940431018523693,0.1591023273151169,0.17020096957640318,0.17668823300054698,0.17623890228613504,0.16994233932710448,0.16607184364901137,0.16275699569692978,0.15558571835429896,0.14704349955047258,0.15447679988325577,0.15240802265728506,0.14666885967652962,0.14519768463983954,0.14509510079744864,0.14697827869029287,0.14500633257725912,0.1461584213685365,0.14663258409793434,0.15005644267963902,0.15432014932548452,0.16192853955689296,0.14714905060140052,0.1511325245190812,0.14749799272446365,0.14948647443679058,0.1388108086563616,0.13998888396739612,0.13993376729126708,0.1410746933373011,0.14214285392089246,0.13943451469429025,0.14403902905223248,0.13710213121938278,0.1440581089424172,0.13886792025377628,0.13400836524357282,0.13546229133667156
Kaeya,0.11842543196753891,0.11206751107980142,0.1140317306613211,0.11857159687319212,0.09967352826943957,0.11209360270195623,0.11612223005089738,0.12476961784719635,0.10745592503021141,0.09667462857199952,0.12678570040970757,0.11693649449959317,0.1014379664864533,0.10355375528133827,0.10674008152958603,0.09530064414560113,0.0906280531482776,0.08233025062047755,0.09847727707230758,0.07159369451124506,0.11829492534090903,0.10301317432967057,0.09905185926212973,0.08436752698845887,0.08425886997030563,0.08869602573131029,0.08190135042637527,0.08771681180759426,0.09668756612953745,0.08729669453913912,0.08005730168428102,0.09254381305777634,0.08142834655878657,0.07309135141699533,0.06420722865762023,0.0815948384221497,0.0691366607128622,0.08061460768634213,0.07515114662118408,0.06494013588033838,0.10381196393043919,0.1016566152760007,0.09068578328313426,0.09659192646221268,0.07719587652118858,0.13573208842895135,0.12574730155710845,0.07607081894985596,0.06347367358605151,0.05832410550031854,0.04651351581521301
Kamisato Ayaka,0.15288833280568456,0.15036836943690568,0.15232602352818228,0.15385784689558865,0.15686804250975192,0.1492453005054688,0.14784082341127663,0.13609206930142426,0.14381546025789807,0.14551874085975902,0.14529341337757648,0.14010328200325023,0.15040894389584486,0.144519315414343,0.13449447002105833,0.14008236728921142,0.1379108688060897,0.1319582004863257,0.1428032791610932,0.13848657175730805,0.1253668415625726,0.14288575216574897,0.140681513325733,0.11529358852907041,0.1180446475840399,0.1258689673598601,0.12970111703011836,0.11896281734018153,0.11837827988965964,0.11040634422962367,0.1260265582615399,0.12652289570423134,0.12337247874032613,0.10793540484086804,0.112022631197592,0.10897083263732353,0.10934838388801492,0.10573516756144513,0.09530173153735536,0.10673637744938415,0.11375252903798676,0.11387406243116593,0.0977859360984026,0.12272852627251217,0.09647502961402149,0.13583205210182173,0.1376484649682995,0.08903373447066668,0.0945269217124165,0.09802085427953769,0.08882099953584027
Kamisato Ayato,0.15476948949432287,0.15026464414218743,0.1394776089111108,0.14191286564876895,0.15165404907319702,0.13259147980899283,0.145880099675972,0.1491773171737574,0.1489694289526787,0.14302528524599178,0.1331274615191161,0.1372948243034307,0.14997782821668645,0.13806484000188576,0.14424902712563456,0.15137479807043297,0.15605713996795884,0.16072636172363367,0.15421072813344494,0.15003213872170082,0.1455478723295741,0.1426125483888405,0.13242273653650208,0.1323828423990951,0.14079413877147892,0.11865832349832112,0.11917111717611216,0.12456253464113178,0.12277067185688412,0.1125985138421807,0.10024305109452973,0.10368838832968884,0.1099549597492572,0.11585086027342108,0.11107484525877051,0.09888431326418769,0.0947138193332653,0.10095109968876073,0.09231416525293785,0.09990216785648028,0.08006460129669546,0.08596081134268396,0.0891155547279302,0.08321215858319869,0.09172038385663533,0.0865193463945192,0.09779865222881601,0.09661800558404154,0.09671172218767884,0.09970513895378312,0.09016254037447348
Kaveh,,,,,,,,,,,,,,0.0931329596987255,0.07314367507611916,0.08844046830858335,0.0754645111967308,0.07169284932663428,0.0785570195073998,0.05477369661543834,0.0642513859556047,0.06945801768218103,0.1068432486631187,0.07250202290141378,0.07191010974671784,0.0705206408663461,0.0930121737312824,0.06827777344693924,0.0636661570505212,0.06880570491001069,0.06538810513702009,0.04909580484330306,0.05358981808336651,0.06911710154624526,0.0626058341226973,0.06176434662746064,0.05330863120627202,0.055464074479447664,0.06755982058631281,0.05822753390853861,0.04838687764690741,0.055256940860439425,0.051690440238995015,0.03943608807658038,0.04129559836982122,0.039111836622114,0.0489141785573508,0.05566107084253728,0.04216091946766517,0.08658051406485363,0.08692306571036923
Keqing,0.1420756704820135,0.141305615566555,0.14138507458234476,0.13536897632561384,0.13606941502995445,0.1349316822565138,0.1229702440126716,0.12403839297876935,0.1255664669019362,0.12920159402131434,0.12139600290515977,0.11578956577548914,0.12558462205176063,0.11617970785194029,0.12803836054079484,0.10051801152532809,0.11681697091170147,0.12246595151542464,0.11693117205448719,0.13395605098474983,0.11060956324316308,0.09723524489694836,0.12303328943087041,0.11645094434598564,0.11606352024643646,0.09889938125279031,0.10246277274162555,0.10686639839761533,0.11391303576877998,0.08964997701038789,0.10370413341020177,0.10587441064964907,0.10598443654454025,0.10780782738857587,0.10463572666024724,0.09990030044321432,0.09745467524730717,0.09214434122374182,0.08741418063711978,0.09461785670270542,0.08622349219471552,0.09751786342061904,0.11110725424696202,0.09452784440581112,0.0929219123911586,0.08812700863616336,0.09488959761462819,0.10886531666541373,0.10207352222506547,0.08448687883683012,0.0896353153420863
Kinich,,,,,,,,,,,,,,,,,,,,,,,,,,,,,,,,,,,,,,0.12244253506678571,0.12622165131754318,0.12592635694270318,0.11860933722433428,0.1120243533773033,0.11513393655085224,0.11554814324766557,0.12662526225611104,0.115026890788418,0.11102975915242949,0.10252291913962328,0.10127608087611463,0.10607511245945563,0.11250964076228757
Kirara,,,,,,,,,,,,,,,0.11212388878680259,0.13105818577822592,0.12610462557965374,0.11561738056546472,0.11443673362298676,0.11581404764381531,0.10769469845221573,0.11472695411089497,0.12171042521052389,0.09470493360336742,0.10426243987280565,0.11195646493544298,0.1101797015555447,0.10315478557143465,0.10026969130973518,0.10915499787165196,0.10342471614662886,0.10735286053868548,0.08505245389002981,0.099972286464387,0.0918834780333048,0.11152787421019839,0.11127968591149986,0.09150286109429463,0.101730072449896,0.09787089777341357,0.08386755172455984,0.08655826025456034,0.09067512096192842,0.0884557649721186,0.10490013752838126,0.05345494373120407,0.052554776740874706,0.0745689758148144,0.05375239893972646,0.09728105139009953,0.09663362645156699
Klee,0.11640442886040694,0.12051334975757799,0.11524383906201237,0.11734081775690694,0.1271039381952824,0.12089266083648498,0.11832840946376136,0.11092308441186619,0.10041539313231221,0.10843094891639506,0.12982087993468353,0.12904484180283252,0.09285198832570743,0.0880201859766658,0.10708159653850347,0.1049565664102848,0.10342382325549976,0.11712671765847033,0.10311883699109112,0.12013300094000234,0.11141222315492773,0.12588972976026624,0.12826478915118938,0.1109024086805355,0.10844144149705577,0.1118749850528184,0.1186774748675265,0.1050722450691368,0.10024664778867995,0.10468127027442575,0.09968812228016802,0.10676955765934447,0.1120880511137272,0.09850545990442974,0.08282634286189694,0.10421358988690203,0.08857064849034467,0.09237275162502591,0.09873733172774254,0.09531635263530809,0.10561716337813892,0.0949950353021125,0.08765791611540061,0.08753065361661404,0.10393665549131635,0.09734091662912067,0.09995220127975528,0.07972916109884379,0.07312050324409058,0.07071922831530425,0.09046971888003484
Kujou Sara,0.11336832728520403,0.11213047991810567,0.10337297171567547,0.09662301634693614,0.100818968988421,0.11265140804191073,0.10972645291833621,0.12569216733131477,0.11834538220661803,0.10674427175505602,0.11781922044034993,0.10747677960088768,0.11561044960912084,0.11460103981115409,0.12108544546495481,0.11505487629039353,0.10851307296852493,0.10295417743800274,0.10217171658399267,0.10517229422748663,0.07888255668941879,0.07865730473846434,0.07805522484331556,0.09164385711488497,0.08740794715255688,0.09965329601167054,0.0987139830421391,0.10642257635066915,0.09671223031558462,0.09076551226911546,0.0892196714836061,0.08555214347569816,0.08280141539385646,0.09224362549851935,0.08197621020507431,0.07009120655737888,0.07854139322044333,0.07816220414767702,0.0835273302466374,0.09757494816379389,0.08663610722950507,0.08802987324754892,0.09771855761320522,0.07475118338449566,0.06912926326424103,0.05315221637412389,0.04564348579292727,0.0836418469934973,0.07879290162922799,0.06975563086638724,0.059602829269909965
Kuki Shinobu,0.14151565480509565,0.12808062285011845,0.14390891277250056,0.14250042189421191,0.1497236221236824,0.14547979087551982,0.1462668474135738,0.1465390162192767,0.1544579777383092,0.15162953608307458,0.14994236776449962,0.15013159534214107,0.15401586912828105,0.1594345539474854,0.14934192046291975,0.1582195336535756,0.1597942098489622,0.1714390503511091,0.16403984058077248,0.16231066186252166,0.16058103881267982,0.15402329926693947,0.14441155688140075,0.15664248515559612,0.1491765283468685,0.14572476369283405,0.14351782028880067,0.14258716962741386,0.14001681991163917,0.1411835983798359,0.14367954823303086,0.14373675983503675,0.14876090701610092,0.14662916849971286,0.15289063555412086,0.14149000175699003,0.14443694510626043,0.1367804386065066,0.138180693721648,0.12874571409568514,0.12354582379717048,0.12420288165390231,0.13366674312986238,0.12841732902282144,0.12241734959838281,0.10053194866245002,0.09560952884689966,0.14099468140424049,0.14546243281081764,0.14839875068698877,0.11627703767832138
Lan Yan,,,,,,,,,,,,,,,,,,,,,,,,,,,,,,,,,,,,,,,,,,0.12389712105954988,0.1168299423638001,0.11708899764904165,0.10022253144199832,0.09544485505268165,0.10160340813811695,0.09432621068653857,0.09406683758581755,0.08878806081165576,0.11398859573338861
Lauma,,,,,,,,,,,,,,,,,,,,,,,,,,,,,,,,,,,,,,,,,,,,,,,,,0.11956335512433656,0.14670950675058256,0.14792641537200107
Layla,,,,0.08985722389436832,0.11932424866340789,0.12940766978484392,0.13379998203274784,0.12409824201694437,0.13710529590794926,0.13005629915857203,0.12649486505770977,0.1376221582168258,0.13007217650643862,0.14041562252923778,0.13510810314551247,0.12203558857948948,0.1354935913017064,0.11854766402015803,0.1382181158191431,0.1383263504107351,0.12486405933221795,0.13750264888714228,0.13275346791035916,0.12681433070477222,0.1292916375291671,0.14336214972640368,0.13296876272647304,0.12882332156641835,0.12780736162239617,0.13509869192047244,0.13509258608909133,0.12856954591918923,0.1270633406901728,0.13319482783704292,0.13293825069124565,0.1197309465391672,0.12044527941906075,0.1217402381863814,0.12644444411768754,0.12625825175237915,0.12690909509630313,0.12656688054600893,0.11546543183482358,0.12320615391055537,0.1063077040213298,0.14619679185662546,0.14380564706506485,0.10484989216355475,0.09003569556636798,0.10101456048860648,0.08475769632102313
Lisa,0.12780690264738237,0.11561876691181222,0.1282353088620416,0.07516024338612404,0.08643921077712494,0.07195637416309328,0.0926245780162617,0.09512915459647729,0.11223519929593687,0.10681093905813167,0.05586264761842939,0.09115570926656975,0.09443449974999367,0.09023329224591953,0.09284917895032575,0.05206263518352815,0.061569072297822734,0.0711456773532368,0.057478616748098836,0.041391674357757986,0.057825941537005036,0.05625226841331801,0.07544201406872529,0.07454080413404877,0.07040395330591726,0.05620246047169844,0.06293228497606687,0.04693190667706217,0.07100968533753414,0.07179821330091103,0.05684966948798927,0.054011685626309154,0.054631593640512836,0.07654683848155286,0.07701687826021059,0.0587818531966954,0.055827328188094334,0.05051081369397609,0.07175000882660335,0.05410637214064515,0.04552851949919057,0.05841604567952924,0.07201124501085109,0.04832442041182177,0.04745432637368116,0.033841745682964185,0.03524740669999325,0.071569215984835,0.03554770331539525,0.029510807106372248,0.026937974337483253
Lynette,,,,,,,,,,,,,,,,,,,,0.12317891958195601,0.126021685001818,0.11468516812803413,0.126510534964751,0.1099179533007428,0.120995362703846,0.10657163625900777,0.1092417378698495,0.10740912166759523,0.11017595565630843,0.10097412805105672,0.11055998602326596,0.13007970599843474,0.1432402616263211,0.11316321348381522,0.1118803480513291,0.10549557935280347,0.1012364756226513,0.09030647515049726,0.09765749276867083,0.0690351736274347,0.05912259330362583,0.08436739749108572,0.08584087461515495,0.06579524967088742,0.071849811119724,0.06866011801474597,0.05967349228848973,0.0672690585122773,0.04937728215836179,0.049126349433834815,0.057327927721638645
Lyney,,,,,,,,,,,,,,,,,,,,0.1229426751408618,0.12576927539568863,0.12357173063752269,0.1195233988307165,0.12362706439066348,0.12055549756175685,0.10547072302132,0.11343599783122549,0.11633202317467173,0.11559520577729822,0.10218428493195497,0.1105096066403823,0.1135914609800062,0.11847317934215335,0.08366371256097738,0.09531664380552626,0.09544904026826682,0.10160277629976734,0.09254729788364416,0.10954079116652968,0.10197476353062915,0.10466458940102612,0.09798581498931332,0.08488662668086361,0.0842156937108502,0.09157051844689032,0.09076375719308252,0.09163665763624207,0.0787923767431314,0.05689937310590283,0.08500384949464375,0.06964324695713153
Mavuika,,,,,,,,,,,,,,,,,,,,,,,,,,,,,,,,,,,,,,,,,0.14563731989699188,0.1402783045821064,0.1442509667632257,0.1458054928894864,0.14636064595675463,0.15494403046002148,0.15399452515492285,0.1509642884220623,0.1520651842431192,0.1454640108451766,0.14571942433459995
Mika,,,,,,,,,,,,0.08289594371902917,0.009314255163338236,0.06998604672835651,0.061144841017743874,0.058463913903128224,0.06442584026751609,0.09493015560759219,0.08722602360257548,0.08413623801581734,0.0914397274059781,0.09862451128158055,0.0964161739891195,0.08006221512426275,0.08673432757212522,0.0950157255290212,0.09549472819874935,0.08840463942942764,0.09059429127950684,0.09464411566524081,0.08627488590004219,0.07844716697966977,0.07272632429013716,0.0710973274105954,0.07470494178948414,0.07062505803336132,0.07510777240539067,0.08787883778089367,0.09228426651280593,0.06660275910179145,0.08416246702226954,0.09046749849790947,0.07882436822200531,0.0834132246093897,0.07850279714482587,0.08116533354225984,0.08997050232304102,0.07035126894406613,0.06357598652511272,0.06782802056708324,0.049927027090419275
Mona,0.15181299863893055,0.14841320825535118,0.14459843366283084,0.15064639244289005,0.1524617276238232,0.14348996905512948,0.14784123722252954,0.1501679621259691,0.1442388959235637,0.1502853708666953,0.14743499853567144,0.1438196464628173,0.1507878822186078,0.14914522622008736,0.1434817899945986,0.14261138319297098,0.14427847367123436,0.1633869747485411,0.15605546019075806,0.151837288736204,0.1460706944562026,0.14281878929186262,0.140192859831372,0.14092607804000457,0.1386097192189914,0.12760024008109444,0.12260768783351568,0.12730714982215935,0.12680310397802375,0.12114510059689847,0.1233563969054814,0.11305403960494334,0.11734809989091698,0.13653231881925304,0.13314499434764643,0.12608880802103772,0.12078847995057182,0.1164281646794882,0.11305667004335773,0.12274273254422116,0.10478747885103326,0.10278550909293674,0.10899540214302621,0.07960181472949032,0.09641889919602688,0.09449241984689331,0.09727218140683036,0.12047191211625521,0.11038220692539288,0.12110012569398484,0.10519942313726592
Mualani,,,,,,,,,,,,,,,,,,,,,,,,,,,,,,,,,,,,,0.1202655695402146,0.11532289607621653,0.10367223081896786,0.10967095292911397,0.11404897370123081,0.08834781491803184,0.1095080103095192,0.09566542489655956,0.10297835652210094,0.0985785740292522,0.10938831635709435,0.1200769322007321,0.11860523154872853,0.1073216713743227,0.10247930340115713
Nahida,,,0.15655906056396932,0.16038775944945316,0.16168634496910536,0.15410480479233918,0.15380756392843967,0.14309220679407603,0.15056631966698678,0.15019874024328259,0.15363469538641553,0.15433530093792733,0.15406334402881466,0.15775241635328252,0.15512777553186877,0.16419312516296053,0.16217762351149628,0.17191430109108768,0.16962583594391265,0.1630900267387519,0.16343024052758442,0.15682627238657773,0.14777262548955009,0.14940394697612916,0.15342832192249933,0.14470384428058766,0.14354492721882073,0.1431347612188589,0.14697827869029287,0.13806754374700816,0.14238321764512776,0.14550855673712446,0.1492803106322601,0.14805407755386565,0.15541541831794314,0.14532365164851785,0.15026130759350745,0.14060769051814642,0.1406105074480438,0.13377807190997892,0.13411948156738981,0.12976267403599326,0.13624746706425198,0.13592436415315284,0.14423962671617668,0.12857696541510585,0.12658293313187746,0.11807974415337945,0.12602674349385215,0.1513976443275615,0.15070682292635487
Navia,,,,,,,,,,,,,,,,,,,,,,,,,,0.14082425659614034,0.13958708164213735,0.13816055766438734,0.13334691365105195,0.13919505688049377,0.1432855144149906,0.13583144112009315,0.13541971525776184,0.12982766273036528,0.12143575627658254,0.1372454976337714,0.13421292387914585,0.13421628240977965,0.12587314334216776,0.12847718877348935,0.10684537103760848,0.09752312843250369,0.09898011990807516,0.11650250115136082,0.12001874545620932,0.11133004188318943,0.10532350341556891,0.10186439501032231,0.09528976949008726,0.09253179688127722,0.102099499615184
Nefer,,,,,,,,,,,,,,,,,,,,,,,,,,,,,,,,,,,,,,,,,,,,,,,,,,,0.11388233241461904
Neuvillette,,,,,,,,,,,,,,,,,,,,,,0.1544195097465648,0.15041078514202155,0.15731547927979994,0.15676588094126767,0.14904254566720113,0.14519768463983954,0.1471413515832275,0.14697827869029287,0.1450063325772591,0.1472999338559487,0.14663258409793434,0.15396442463925472,0.15432014932548452,0.16186745810234926,0.14652047284338363,0.14963052624786663,0.1461584407581707,0.1449296513109697,0.14218757679880117,0.13910889992371936,0.13522150913092335,0.14152963940996754,0.13350155803306854,0.13930233565539932,0.13504078037873313,0.13893632878197196,0.1405249167246635,0.13645473295077437,0.13539581721651994,0.13678125797034021
Nilou,,0.11509008521148058,0.11259712960872478,0.10853165175033673,0.10335068086689288,0.10447076145613401,0.11077497144471457,0.08989850720948535,0.09536312289163439,0.08774350872193135,0.08841564800352805,0.09061057232003068,0.09886104794955805,0.10669375334388537,0.09626858195114378,0.0936611352180314,0.08642844275447449,0.0963071767486678,0.08756649449720831,0.09586296533335917,0.09562966202447093,0.07723711406849014,0.11059492756350815,0.08744653119456146,0.09928923097300325,0.08066643571616648,0.08207368110461602,0.08998763002956704,0.08810053499388125,0.08548362746301465,0.0885768027284553,0.08736380389012179,0.08593078726582205,0.08516148339974995,0.08510661921121591,0.08421005508688564,0.08913214193167347,0.080850902302677,0.08192354603003565,0.08561069901248816,0.06992445435469251,0.08747644201976738,0.07924768103290453,0.06652490261770856,0.07854017773320209,0.08792168812871447,0.08809724345560364,0.10757144572384524,0.08694306162194919,0.09127766351659347,0.09377353489867679
Ningguang,0.14250646273487194,0.1419710017131139,0.12967977038816528,0.12567781018223806,0.13970464917064934,0.15306008694126996,0.14616581106592424,0.14976908970962488,0.13295806613993622,0.1018753657197432,0.09923433455595253,0.09117757825032302,0.10591749052551287,0.08631461863317791,0.08221269016254465,0.053250410105572375,0.04537022904173645,0.07453829874651852,0.07039659902276144,0.056999620548525365,0.06943754333869258,0.07748635324478033,0.11014787215696373,0.0661050387135601,0.07876749162166796,0.10400487806058283,0.09669220722448982,0.08349693352396985,0.09662798578357042,0.11261002166881541,0.09494508909258732,0.07796535198539188,0.06654272569601996,0.0699312976283957,0.044950742862186664,0.0962962177737534,0.07815658243020464,0.0989487767547573,0.06258547959430792,0.11619337794320213,0.05818723302068667,0.05244961352522553,0.04240368178178704,0.04541704254291452,0.0353842155306117,0.0179855387003311,0.03430565887021104,0.02944515849356799,0.02771026120388902,0.028476079513429113,0.016831433127954855
Noelle,0.13340300456883314,0.12502199168642059,0.13266744258041382,0.13075303206420913,0.1100943437670398,0.13478222314708652,0.12848682830421354,0.12310965493377343,0.12421245388037554,0.12137763701674815,0.1169109407576114,0.1150825010400589,0.11588226978808734,0.10901477278581985,0.10494805957406839,0.08559434127909349,0.08695491900263216,0.07811733068704904,0.07984788710230867,0.08561455269189722,0.06307103875307891,0.09330629177514868,0.10570914244081682,0.0843061760015132,0.09422836141373529,0.11268546038987641,0.10737769839216625,0.10366603892010896,0.09022060758824836,0.10652560169635393,0.10604244869920096,0.0904282103062263,0.0871419405550389,0.09183870420731091,0.06345919604034046,0.11993642383085669,0.07838856396573768,0.1271878394893319,0.0924143748940254,0.09938928106660783,0.06959582631040945,0.07336172808084496,0.05898300536529686,0.05647502147338744,0.05140285289359394,0.0599146046800211,0.0549669034228996,0.05801526109548573,0.035482208485499094,0.05193146582497055,0.04643784615105443
Ororon,,,,,,,,,,,,,,,,,,,,,,,,,,,,,,,,,,,,,,,,0.1430129765923391,0.13898987334690432,0.11686380520139826,0.1389729403641026,0.12816788926711295,0.13704016752603923,0.12789797295816074,0.1284655949813835,0.14648184106607426,0.1409909556483494,0.11629060287642747,0.11396060707747872
Qiqi,0.14194168302592852,0.14530551340490278,0.1486133432296695,0.14108331138537325,0.14112591461123786,0.1433457626917319,0.14658578332715463,0.1394640227201923,0.13906856979857146,0.12836723385466267,0.13348641292922314,0.14008631014815656,0.1400185949573541,0.13179372663520378,0.11948177862376601,0.09174069798492897,0.0797860048370635,0.1081387362206127,0.10564678259280103,0.12294727852385112,0.1270736484850013,0.11429415528347038,0.1234828900151026,0.11445684465467618,0.09825863496582357,0.11407307698377717,0.11229366293411887,0.12126509926970717,0.1169040708874779,0.11594800302987088,0.10737187904158806,0.10016875211233232,0.0873021460713786,0.11031519004554413,0.0834140336639615,0.10259993990392993,0.07861372928781203,0.08696959318588109,0.08748639998773804,0.07903861784098744,0.09966984932773817,0.09653377704906224,0.0882739387454105,0.08723772552690674,0.0816326963996493,0.07913021185095405,0.09005119227011693,0.07093145782501854,0.08897369494847825,0.05218378060259972,0.06045260291166711
Raiden Shogun,0.15681011125715671,0.1483932933444855,0.15058739107208738,0.1528066216888876,0.14913865826567088,0.14595865990701473,0.14971791470592988,0.15099865498516277,0.15164861988047,0.14871928423904088,0.15081252965971095,0.1490293961338824,0.15557515500433167,0.15282345371286415,0.15525380025880198,0.16911490716363584,0.1674318535387625,0.1671658726226165,0.16666916635250986,0.1589518961269134,0.15748601255831077,0.1390589306690906,0.12268012429892051,0.15315061055592102,0.14956671122512794,0.11657564504946352,0.13318362116942908,0.12617988788213255,0.13773237048374437,0.12733097684174938,0.13429089287398943,0.12329408961106231,0.12917756307050768,0.14310898623016016,0.1545943922481238,0.14218886077640885,0.13636068544759186,0.13187729097517145,0.1274371619219986,0.1244201929601609,0.11440354964095219,0.11654858857154321,0.13252897810263714,0.12394134979051477,0.12117726468798003,0.1197467987516415,0.11532636104355241,0.1379491909724381,0.13673356794846553,0.1186767283161489,0.11335619221320696
Razor,0.1082522144539701,0.09242920206351628,0.09771060976900096,0.05130184282578949,0.051573009769338776,0.052192650600681165,0.07729651534349802,0.08805702743966672,0.0588111523475258,0.09228617585141227,0.0552803850646976,0.04630122817337536,0.06395366887025446,0.0421327733355107,0.05902284780206963,0.023328113248999284,0.0236458624732478,0.031987974540120645,0.047495949859374595,0.02042878801361588,0.053566904000979194,0.04882485952556794,0.06153942245192759,0.03981806124540146,0.05860866419934984,0.06071957694107525,0.08232151183599686,0.05962821643593269,0.07063051160281342,0.06921946575498159,0.04869176420108503,0.03134365187583512,0.03951701168880221,0.05174668022580389,0.023177418645659052,0.03633309863282084,0.021845906961196274,0.058337994412221685,0.035658139733909126,0.03426985345039388,0.019105458144322563,0.04007545199452888,0.04867226106059083,0.03787243190657303,0.04269361714129715,0.03284695089004789,0.03231389343460261,0.03206971927458866,0.038121993311745025,0.04225662653352997,0.02876528667203812
Rosaria,0.12567971367344571,0.1322872431546057,0.1339243831444626,0.13367290189513698,0.12347020916324426,0.11941532972854915,0.11851295383489367,0.12546111752814326,0.12265930157659241,0.1287417881788724,0.12266899275668401,0.12477695677280491,0.10591493404286392,0.11675855496775273,0.11123122530054035,0.09391356824938714,0.09365582286025471,0.1139183534044616,0.12225638402355002,0.10256497882410909,0.11226186555757861,0.11731194394238795,0.11578762783986107,0.0819468259265885,0.09340673325272603,0.11237044330497761,0.10132443085148132,0.09973709427877064,0.09973998887720456,0.10736606013695957,0.10498398490834414,0.0986361479271459,0.10294192936769368,0.09086237796526907,0.06920529001161856,0.08638790638250793,0.09842597671932378,0.07800349681051752,0.07567748523539185,0.07463264713026682,0.11098842714512294,0.09616746276699499,0.09183350377174401,0.1115376433442002,0.1008484657483087,0.13099729175821628,0.12509606152433442,0.08723021585007104,0.06326886430743409,0.05934516570525498,0.04167974022292186
Sangonomiya Kokomi,0.1537835496506953,0.15579703996914554,0.14685400110870342,0.15065843496668108,0.15520287093191423,0.15315876823032804,0.1500673361305391,0.1464311243532445,0.14951847110183006,0.14986787251197986,0.14671477689962564,0.1432814102527922,0.14963717797791537,0.1449527136419475,0.15408157778020537,0.15899821630544914,0.16150233664365077,0.16400409994860643,0.1690083899789525,0.1628811031459101,0.15807560745285287,0.15106254260713722,0.1487694005139427,0.14525778913386722,0.15235730220099347,0.14539102976679294,0.13683718090842367,0.13924523760821925,0.13741747202762689,0.13764240998328164,0.13409201045858554,0.13207741297922193,0.14106431169729372,0.142648025762453,0.14782436363567705,0.13281890044474362,0.1257937198290661,0.1278705131753557,0.12710247487599818,0.13045668085433348,0.10684974381521668,0.12008219068110178,0.12001564806098855,0.10386081298139209,0.0920638400197893,0.10762812766655834,0.10638712811708617,0.1252153180689321,0.1317021272242288,0.13058670719008236,0.1230270787665994
Sayu,0.10995067586012575,0.10276078227557298,0.09720247172660434,0.08433280391630031,0.0773122740091363,0.09594276691122226,0.08192890717593768,0.11491626550750346,0.08640886548901534,0.10291476445155245,0.10225603269341647,0.09478347289236119,0.10251073807402156,0.08660943537952118,0.083874126426122,0.06371064472503382,0.04648224958821831,0.07600344975474702,0.07469356280733028,0.07147647329356992,0.08124062820545279,0.08769992360909859,0.09492998649267448,0.09345404615230729,0.10240769406022328,0.10240485482855795,0.09416726221612254,0.0940110003991076,0.09028795176321283,0.08943809235205218,0.09426730623245469,0.06468288878140852,0.06158149475553813,0.07838868033790006,0.05624085906587265,0.06872332776564179,0.0594314613348443,0.07000676800393783,0.06103120961408591,0.042923951921698456,0.05513431401820329,0.06451317882057526,0.05541568426001349,0.04548436625617336,0.050586915039949366,0.035189972359262536,0.0421587991318562,0.05602778438446952,0.06326624318395811,0.04126047380321617,0.03755508582551931
Sethos,,,,,,,,,,,,,,,,,,,,,,,,,,,,,,,,,,0.06726905742866324,0.049335849786406566,0.027673840643160256,0.03001027037485452,0.022976506098970267,0.06846693934826564,0.03401055273786466,0.025986705007377334,0.056924544108282314,0.04866539121835511,0.013594366924877779,0.029366112242704922,,0.04190902613206039,0.0561974321469613,0.052506701254447063,0.0390901061013724,0.02272856379671726
Shenhe,0.11036079009916061,0.11105624634622084,0.11035516073125358,0.11108194736159327,0.11030484946143673,0.09631527298147007,0.09902871265669065,0.089964429604337,0.10173003052983921,0.09408644505776897,0.09445706271986791,0.1183944107786028,0.11965251210655051,0.11754187382741527,0.0902392801150058,0.10900143128821906,0.09191642474804174,0.09403015438035721,0.08691904075204569,0.09423577041547897,0.09604789153062429,0.11255568187165267,0.10114870134039984,0.10331274122410311,0.10427625296253455,0.09359653624430261,0.09913811905023567,0.10431136317334488,0.09845058037590622,0.0948829361442676,0.10034698548715495,0.09340685834396716,0.09693740006146387,0.08719426410861693,0.08312233893656192,0.09146566944304567,0.09093388427239518,0.0849833276836108,0.08575196284531648,0.10122138839720624,0.10281434953026601,0.1034535641424963,0.09971193789253081,0.11054670661985301,0.093307681494348,0.10801547281231756,0.11408176787882594,0.09020915033007817,0.09394648719713906,0.08380199779500895,0.08524018633324203
Shikanoin Heizou,0.1134527725137104,0.09357408454684894,0.10821261020806212,0.11656287690227374,0.09468427593420806,0.09943844509632953,0.11507991918325775,0.11325389357645996,0.09618474834351552,0.10254017023859607,0.07989358740673644,0.0922035491074889,0.07802339903725107,0.06234267433998532,0.0868446735778577,0.06301820247099844,0.05509723618040103,0.05234440209797863,0.060573527018138555,0.055151793317948346,0.06971999969359804,0.06863063186517253,0.09932654486516536,0.10327400692754717,0.10782179625510693,0.10252878184334278,0.09420063366266479,0.10328729840310613,0.09074705886280703,0.09762490139881935,0.09458644924987925,0.08361734063920834,0.08688545802274748,0.08039581460276625,0.08702929867570805,0.08121654093642039,0.07984526452881309,0.07207145725540703,0.05950173193906287,0.054461223227890536,0.04410719096896571,0.07528213477577726,0.06883012921526717,0.0487395631865982,0.047369218336996616,0.02572938844861276,0.027467389274084587,0.0628018927921724,0.0510985016257962,0.039981966115466554,0.0288991590008407
Sigewinne,,,,,,,,,,,,,,,,,,,,,,,,,,,,,,,,,,,0.142371752157696,0.13487256040345857,0.12430453533165291,0.12198179572171555,0.13196530106329663,0.11525491234717544,0.10701959942885804,0.11374809712780984,0.1151053244704951,0.11483870953768861,0.11360677615064503,0.1049920501710717,0.10269443784778863,0.12154198309770038,0.12218914994862291,0.1084304856058833,0.11461849215392238
Skirk,,,,,,,,,,,,,,,,,,,,,,,,,,,,,,,,,,,,,,,,,,,,,,,0.1313427192548018,0.1080253392123046,0.10419559313634823,0.10313020817633631,0.11277024229812478
Sucrose,0.15618452810816064,0.15558730861717382,0.1489495361345293,0.14592442800969146,0.15093037255220615,0.13651727891364218,0.14189947368972655,0.13027733249890583,0.14234506545005027,0.14140793359132067,0.12728868905379906,0.12694936840641588,0.13141914649203884,0.1255879499864184,0.12895752927641274,0.13720100219732193,0.13152551547744307,0.12985385940712393,0.12917141424283135,0.13054178009123496,0.12848817324182835,0.11706099610757044,0.1123180493088175,0.12358749854394452,0.11257314578786698,0.1172295776488503,0.11869402833665213,0.1200453002832141,0.1222121448162975,0.11567104447550539,0.11581077764284296,0.11649039615637258,0.10436402066343824,0.10819834244153984,0.11618150015316593,0.11456520838216722,0.11613182358457323,0.10061342544463302,0.10686338577465346,0.09921246149371314,0.09455868395320464,0.09975313195774115,0.10078412874487747,0.09202259131089846,0.10000276023788877,0.06497372369948244,0.07263324375972734,0.09700303592814777,0.09504868360671738,0.08792878916468198,0.09105806287054506
Tartaglia,0.10864648457215506,0.12229664891728877,0.11100868385684914,0.12537575558646008,0.13238666949480948,0.13052757767013534,0.12692770495545608,0.1264018030280714,0.13043400961526488,0.11858038405412652,0.12166235284448494,0.1332027355276859,0.1233993912369703,0.12858840198319663,0.12734175524480312,0.13918065178539915,0.1234236290136879,0.11411879353815155,0.13328738959992342,0.12339013358038885,0.13488829428604504,0.13063948194896516,0.13922947993997226,0.14210599146405029,0.13832302390154094,0.12626266355923335,0.1225718389877053,0.1226957374411157,0.12552920038687432,0.12046224628098544,0.11750016068347582,0.11295235220069508,0.11627960017903523,0.13332467609950238,0.12360747395720652,0.1119761474243481,0.09990850331775561,0.11069553980931146,0.10002048771048858,0.10578591591372262,0.08960476960745493,0.09103645812968682,0.10247345138926182,0.10495176184416694,0.08943032272734783,0.0773806387816787,0.09192551641072998,0.08912943470955009,0.09803636511130415,0.08443936783080788,0.09205902785227185
Thoma,0.10589751636995051,0.09845217518792095,0.1117395745589108,0.11309881908401966,0.1079413313855766,0.1005212619833623,0.11499978790763267,0.11128702885540376,0.10521806009240435,0.1317834590526462,0.10030551988489797,0.1134136446763924,0.1015628273244457,0.11079426257987979,0.11155718477680018,0.11450402370395991,0.1267792889159934,0.10769805887610787,0.09469852489789707,0.11601370742318921,0.09485741958135491,0.10760719022414589,0.09650035952954095,0.10178476255178678,0.09671943327783918,0.11064209905831536,0.11587514298724796,0.11790797941901125,0.11147406684720469,0.11090576174406666,0.09558736152132123,0.12058254677527676,0.11925543858032385,0.10368822916935673,0.10136142230718206,0.10967066467002157,0.11904255773370594,0.12766229440590315,0.11952190163944648,0.12443110752600234,0.12940322466942272,0.10486974507738446,0.09993061086530818,0.11252601136967606,0.11913829569780585,0.11810588632597464,0.1079170043686798,0.08936506575116876,0.08480992279972108,0.08782337393702021,0.10106747235490805
Tighnari,0.11578578584177408,0.13998825214288133,0.1252004879616598,0.13231609988131537,0.13553069259358375,0.12220586099374182,0.13535881816815581,0.13037179077581443,0.12075694027252751,0.1318025801306942,0.1335676120148433,0.1407411699097291,0.1356670269564536,0.13281220425617352,0.13930293861758467,0.1395061168261372,0.13576361620515465,0.13024845038207714,0.11789293832304014,0.11514567731243865,0.11460064246534186,0.12021479576886156,0.1107646138626671,0.1096108805949792,0.10663982517297192,0.11866315835112685,0.11417093628187655,0.11051769971857847,0.10788393796985973,0.10905820171260246,0.09941362330209946,0.11799478255938148,0.10582103824318984,0.10092795150195609,0.09991252713484997,0.09376086448527736,0.09536498592559252,0.10027482599566916,0.11540525578031224,0.10278327010841737,0.09298633108874885,0.079288233234899,0.08551319559449112,0.09097969737514575,0.09404252967037448,0.08160060858766052,0.06033107999237027,0.06191930500814437,0.07247666530636496,0.11881245007890963,0.12170727414174465
Varesa,,,,,,,,,,,,,,,,,,,,,,,,,,,,,,,,,,,,,,,,,,,,0.10630101787231654,0.0981467637535496,0.09184142500966685,0.09661529238781207,0.11341380301213137,0.11540841508055931,0.09730447343053464,0.09670269890084719
Venti,0.15525525540072166,0.15760145885155832,0.15464420081577576,0.1537738151819584,0.16008224287986586,0.14667977865417364,0.14591773076347414,0.13921752295295403,0.14627367968528487,0.1467188222968311,0.13364405695936077,0.14006307225396344,0.13016857686602407,0.1306080754660449,0.1460688293657133,0.16046644180568215,0.15516123443779434,0.14937909585390535,0.1473618343903965,0.1333303812933425,0.13892431637317137,0.13370019728753008,0.1374996877020521,0.13159603333916894,0.13581392983884938,0.12899978710733026,0.10988948038564905,0.12703692147090095,0.11585188345057437,0.12509730471608135,0.13007281621255803,0.12209481430379973,0.12134354835048133,0.1326635027292574,0.1311806302545061,0.1144180381957919,0.12012990693644265,0.10064287224684745,0.11226207717202301,0.10330483604129428,0.09345003255109188,0.1171813536283792,0.09592258788523302,0.08980245031786065,0.09999447388719143,0.0885570207413857,0.0899432643137297,0.09286542770989288,0.07765035281259705,0.0688990100102571,0.07040630690745178
Wanderer,,,,,,0.13318039685227667,0.12806815320556555,0.12065059299793739,0.12699278795236632,0.13402574330195133,0.11863709490694531,0.12268845286167385,0.13339482406026987,0.13086986901986924,0.10933763871879527,0.12661289925580657,0.1306526659377494,0.1270777221941018,0.13906467465791264,0.1351134676502832,0.1464017954293105,0.12790390476093158,0.11628198345863316,0.11055464611275047,0.10738282529341645,0.10865259691080945,0.10523970040424598,0.10879304945803366,0.11746452031820477,0.11287011265492886,0.10060230384892337,0.10978548305707812,0.11088923407857779,0.1179969755483515,0.1263698185871347,0.11022961717071524,0.10870269633638206,0.1061839000213836,0.10961674501062177,0.09198585560397365,0.09774673349488207,0.09597148243832616,0.09294303834254883,0.096445585308725,0.09809401551012219,0.08895395803928068,0.08323348368342161,0.08548180495647002,0.09882698433306836,0.09291928211063964,0.09872343001110967
Wriothesley,,,,,,,,,,,,,,,,,,,,,,,,0.13192597195310704,0.12826758498003993,0.12969745362140367,0.13607243402128621,0.12602195077921988,0.12811116601607833,0.12689794460270234,0.130603857813661,0.10879614230260844,0.12000989848114046,0.12203149003152933,0.12650027301172354,0.11541800589551207,0.1260657672545378,0.1200904690928713,0.11719671133444051,0.10686065369558638,0.0937265331914214,0.11028386274059951,0.12728687386821533,0.1155209890409688,0.1182434110887173,0.13222715131433035,0.12359950185732059,0.11329435067575536,0.10043439493649173,0.1068622975601063,0.09773559419381181
Xiangling,0.15921108971462208,0.1578206113163582,0.15543617353569278,0.1592856096076121,0.16254751432727665,0.15186541840302994,0.15177022367610382,0.14992117997978052,0.15352064810300486,0.150437568673977,0.15562521833632856,0.15337578783412148,0.1606861096157234,0.1588572959330623,0.15869625536103055,0.1690550892696296,0.16514772926569782,0.15131693574170807,0.15146788989458224,0.16225930252784915,0.1595469639342351,0.14996284523827802,0.13727321079965496,0.14015525574162407,0.13970209603530198,0.14374888696661292,0.14294257269911514,0.14125946866656797,0.13667932214926468,0.1417807859306096,0.13925800857119788,0.14530970528937806,0.1483950029124188,0.1441055414824089,0.14982541333983193,0.14650298521454394,0.149168157392544,0.14099297111972683,0.14014618278099783,0.13612199014007362,0.1398676865579977,0.12952379834455166,0.1318662798751382,0.14467323174580882,0.14480760715534938,0.14775228335895343,0.14317385271138,0.1276622052113412,0.12180435300502068,0.1100165514788756,0.13693683183342975
Xianyun,,,,,,,,,,,,,,,,,,,,,,,,,,,,0.13567309984197695,0.14271889129197204,0.14320342326681448,0.14352443111000127,0.13632677456148753,0.1472652782452688,0.13693715467409615,0.13401996902297234,0.13357837353571375,0.1322689130257761,0.13462514304120105,0.1273122335857636,0.11689979330730686,0.10574583392893794,0.11463563311631397,0.13057332770765234,0.12110116910325593,0.12009635562541429,0.09668072978020054,0.10826343521385924,0.11203239561510343,0.11018484660694215,0.10101912638545595,0.09856102355002908
Xiao,0.14812948468134662,0.14845127093599034,0.14390512607849462,0.14941403703752845,0.13505597760216698,0.124262807069736,0.13120887599763834,0.1209118740302446,0.1284286458878088,0.12388959686474801,0.1321673385371086,0.13257644092374063,0.13221480880484826,0.12071562189018735,0.1274079697595218,0.13251460775939208,0.11612093385798143,0.1246359676968435,0.1258803571826888,0.1155803262222304,0.11296348114571744,0.11131348348491558,0.11783636998267365,0.11927253349600966,0.10963319262550332,0.10814360352556512,0.09876894121353547,0.10648357170251724,0.10359845390595895,0.10601983424771838,0.11015555868738484,0.10741684668288624,0.0943737240030054,0.10271448738357895,0.10117247001444679,0.09988878220388739,0.09523366051527353,0.09108108393274371,0.08947303297954208,0.07785643412561749,0.10288413169269874,0.08918314122780999,0.08460696502838252,0.07358530069778413,0.07170993827987458,0.0707738933324946,0.07351010450504047,0.07141061073571912,0.06111292298719179,0.07612905413733684,0.07280123529838121
Xilonen,,,,,,,,,,,,,,,,,,,,,,,,,,,,,,,,,,,,,,0.14804638037777298,0.14948647443679058,0.14495148377318115,0.1428212029047434,0.13937722407118613,0.1448776563857383,0.14735804512404316,0.147590524555629,0.15373870127001957,0.15294428632219134,0.14758474265703272,0.1538771983381704,0.1493176276807762,0.15203342758711888
Xingqiu,0.1571704679517882,0.15995771803588682,0.15543617353569278,0.1574751307237008,0.16437855910067575,0.15673770675660126,0.1547103481706034,0.15142476445361167,0.15548817689242236,0.15162953608307458,0.15562521833632853,0.15402835106337923,0.16078710215107211,0.16203918936169548,0.1553010995357152,0.1687116720978657,0.17417775473974048,0.17488287052922935,0.17361613483262595,0.1671854169818817,0.16458997811736784,0.15682627238657773,0.14735784340497626,0.15664248515559612,0.15585538418419093,0.14833946673353016,0.14519768463983954,0.1471413515832275,0.14631768087149596,0.1418155333306515,0.14768083800562373,0.14551640548194306,0.15090656902223845,0.15261046515322899,0.1564284711980611,0.1475686268350136,0.1506729355512779,0.14452312547656673,0.14556283325440952,0.1387229641729692,0.14013299096216497,0.13144809255998477,0.1336089064669434,0.13194939776422407,0.13301738013084752,0.13699928394627836,0.1311634473455634,0.14329942180504407,0.1487087664628633,0.1504485757811732,0.1425351957483916
Xinyan,0.019921580969079755,0.057175905315349954,0.053168630734139494,0.052022867005858356,0.034061521961589576,0.0303890170836837,0.04417955344567897,0.06818927545540551,0.029981662133526005,0.06426612582051966,0.053169108811258414,0.033092533148096556,0.017789836638593213,0.05522528850387207,0.030517314573579948,0.029837408285501053,0.02406823822601725,0.02105800798801683,,0.03231773885439003,0.03762428721151171,0.02851826389838501,0.048388644545099384,0.014598671109878381,0.03890930953167664,0.022595482386092505,0.039578454310657776,0.042864204158181256,0.038950783856134125,0.037965897883817344,0.04904229655841321,0.05964430110842205,0.034774406223990285,0.01374176973787173,0.027020887949598598,0.035637629658589735,0.04156234654072192,0.037207321060483134,0.045602904349081645,0.045427161344721384,0.047234615360045994,0.05476731892822051,0.036600833908628165,0.043609813545686035,0.0430944318792599,0.026586386241659845,0.04000361732514512,0.029444635058678375,0.03247670808962934,0.019142546550970405,0.01727562448968234
Yae Miko,0.14999925316199697,0.15041002248809954,0.14042318636493414,0.14233223394938496,0.14566514200993952,0.1462686578334626,0.1449354229309927,0.14578066772378723,0.14688564310124144,0.14643207495798397,0.14438259994027924,0.14273736539409504,0.15303344272890482,0.14185152831277764,0.14986791410034117,0.16392414742398437,0.16181841116190995,0.16305731120195488,0.15961245225429913,0.15462557699046978,0.15272883859889894,0.14108654605027426,0.13991857665510787,0.14283819176608087,0.14431169878097144,0.13345096087505276,0.1319356119145995,0.1398067921136046,0.13696186893659845,0.13865038296087795,0.13764751536308695,0.13184056674137581,0.1308625270219487,0.14088569413245508,0.14838250847854514,0.14432365936997238,0.1267056332739885,0.13019530445142014,0.12742415779327823,0.12049435884649992,0.11813647425992764,0.1184717451473482,0.12123020392827039,0.1069716875926456,0.10757508320425271,0.1111893051200371,0.12142683443399531,0.12548132610247884,0.12905203260452286,0.10380898428060117,0.10882950998591036
Yanfei,0.1255899129259597,0.13293850068311505,0.12075345946818915,0.13268980614718492,0.13078289468876642,0.10320747084033227,0.11840587303777703,0.11513147710771615,0.10801748580827505,0.10285227602339676,0.12758209067529136,0.11425989768034268,0.08338569285771254,0.07679849134125517,0.12009052095857185,0.1138993319484502,0.10583016974082514,0.06382158137778689,0.07096325041444825,0.10953944056009719,0.11570341116560075,0.09476089684518087,0.09784409785630784,0.07890127480511566,0.07078490975427666,0.09923867972016549,0.09576791787731657,0.09281794653064754,0.09867823262298886,0.07735010165349615,0.08464611297681074,0.11257818611614885,0.1201129741902657,0.08044954941711309,0.06583277062810447,0.08021921793778697,0.1124931788627721,0.0805211391169787,0.09390874302639617,0.09864982976608562,0.11187413971199298,0.09523818116896604,0.07766395303192951,0.0960788812227754,0.10366562493700167,0.10571569572796746,0.09296611041535384,0.061895219043299046,0.06194034200322224,0.06992991938254325,0.09255803236432224
Yaoyao,,,,,,,,0.09608766759727674,0.1308983580564983,0.13148441681395995,0.14395194024479233,0.13814043479552882,0.13873934366586116,0.1355847840496686,0.12550498340748717,0.12559865952057767,0.13384956894662345,0.13131452734559826,0.1258489959848727,0.12348413787614376,0.13274389387118116,0.1367867224098448,0.12451702277600914,0.13154584150004797,0.12118937438405962,0.12468726592104189,0.11092693474531173,0.1222578420828253,0.11166765768028897,0.1102146438154645,0.11588892963371025,0.11983795658990846,0.10757326805387574,0.1087813785809903,0.10869068224195401,0.11608976066633385,0.11319550319370807,0.10199599299330556,0.1059952963857624,0.0999395269254898,0.09138319027625177,0.09592301251516183,0.10804825769001097,0.10245267285408204,0.10578982175431491,0.08909587125972211,0.06555720772678734,0.08453211000266828,0.10511371351433355,0.12176633400048407,0.12158350227590577
Yelan,0.16019702955824966,0.15760145885155832,0.15399622502932936,0.16038775944945316,0.16187688558850757,0.1522367119442373,0.15043781756502278,0.15003530931885029,0.15111542815574883,0.15224480241298546,0.15562521833632853,0.15368273770866958,0.1603154468828295,0.16203918936169548,0.1605506477800497,0.17101568454598476,0.17670142701608924,0.1734586668662052,0.17228321842212566,0.1671854169818817,0.163821098062971,0.1573004066296946,0.14655454492708628,0.15695209176179808,0.15603663473108656,0.1469455952330843,0.1443495574898688,0.14637187714075278,0.14289623980049496,0.14539532883740722,0.14483789909146305,0.14539051562438504,0.1497645103065093,0.1468541443614335,0.15908660180066111,0.14673471065093985,0.14945474699488873,0.14653190752926554,0.14373245584395467,0.14005201604976092,0.1425216480966405,0.1377877906033137,0.13942845152680228,0.13647232932374054,0.13991493995683618,0.14136072813304476,0.13492267431683916,0.14711675757109036,0.14735979219642817,0.14934929633847965,0.14347203513245751
Yoimiya,0.14737634241650122,0.12758106591651044,0.11902454257966437,0.13741421605312878,0.1278043939538551,0.11727823254369872,0.12322417590885111,0.12606345684033918,0.11506509943705397,0.12500267557361078,0.11024549533986573,0.11307204512499511,0.11320936830700293,0.11039579842864379,0.11804177676018572,0.12454299731454971,0.12792899548839662,0.11097734772496498,0.09530316874540279,0.12798999997408284,0.12414994950605954,0.11979313086069043,0.12057119357475926,0.11260443210012726,0.11650239767811862,0.0978581680180589,0.11313893962455358,0.1072058587372968,0.10545829811861357,0.10016671870416866,0.10470685978629493,0.1099950704898231,0.10745756221334125,0.11125429852509187,0.10677008897431998,0.0986203583793406,0.11116268598763664,0.09300536714005103,0.1030201928497877,0.09880758686938859,0.10100150559312183,0.07968458020082415,0.09391893993282821,0.09564432572998992,0.0942284871156817,0.09916130450085374,0.105099087512011,0.08631241795376841,0.09520581406565487,0.08514965440899872,0.09868283395415972
Yumemizuki Mizuki,,,,,,,,,,,,,,,,,,,,,,,,,,,,,,,,,,,,,,,,,,0.09231390443516051,0.0689660414405893,0.05337718323322385,0.05541560972715185,0.028423960819902526,0.047156399914324985,0.0741982364583425,0.07608164735288385,0.04769158160015058,0.03703515388857566
Yun Jin,0.1407924695011084,0.13424676220386988,0.12838510286482294,0.13076479378005532,0.13416121907166645,0.1467575274572448,0.14639624748447308,0.14352766631486882,0.1384277876939548,0.12722584052176086,0.12498112747104385,0.11659429032598954,0.11077193498680683,0.10383847704090914,0.11593563595318941,0.11516200888516526,0.09699045361462628,0.10050681201716605,0.09224917975130831,0.10627746654512993,0.10012316208174607,0.08403649475862289,0.07820950925754784,0.08935603199252476,0.09382152965314568,0.10759163269377453,0.11454822348847624,0.0857016176390759,0.09681600802696165,0.10153737728857408,0.09995337379287549,0.08299919169722658,0.0862981135077404,0.09666454310929819,0.08234267257252671,0.09044789477017956,0.08940205624495959,0.09314491335461761,0.07634919845390922,0.10721613806517927,0.07250049196559064,0.08051752493319346,0.06660796016779932,0.07332352156934696,0.057075749477053996,0.0674704749267124,0.0536121887001903,0.04874242903306437,0.04599044975449362,0.04657659310184738,0.039648783321521004
Zhongli,0.16019702955824966,0.15863167877244533,0.15543617353569278,0.16038775944945316,0.16002600371241502,0.15673770675660126,0.15380756392843967,0.1503272895137314,0.15397970235136807,0.14969792872444557,0.15253876647329082,0.15337578783412148,0.15760533868748028,0.15898369063628176,0.16091379423987495,0.1654683873285367,0.1714697472045876,0.17048067773630432,0.16445528054606298,0.16081499785047865,0.1615183067850095,0.15682627238657773,0.14988752503734107,0.15613559883369002,0.15522532320522456,0.1486436565006422,0.14539569555026122,0.14637187714075278,0.1452777348231558,0.14564302951260258,0.14813841376308864,0.1423249038994178,0.14886337353635493,0.1508809448503153,0.15851467378843617,0.14857736517388753,0.14886470137830302,0.14842237337601422,0.14573392765986334,0.14450828805958468,0.1429003989002762,0.13773101419222344,0.1394115188746113,0.14476451194677117,0.14026736541896465,0.1423488435989658,0.14543409640588273,0.13589922588146164,0.13407250620543065,0.13534500033307784,0.14341475348231356
=======
Aino,,,,,,,,,,,,,,,,,,,,,,,,,,,,,,,,,,,,,,,,,,,,,,,,,0.012985529261932575,0.08606307024776645,0.02485858887556089
Albedo,0.008115646134818046,0.009785901952746576,0.00905091610012911,0.01873299603487769,0.017970644971325615,0.024360339728965077,0.013109607051186778,0.009871277726745613,0.0048349957782448565,0.004396629170440573,0.002702483811191642,0.002358860625513902,0.0024955253938845445,0.002481062389592851,0.002048464508266171,0.0012246620580128919,0.001160086954159963,0.0010948270558320847,0.001046054489463276,0.0015652326998627604,0.0019126847697347113,0.0020851074418941533,0.0023364423591645017,0.0026013559118661317,0.0024685422107690023,0.007836176456776638,0.007989876731648738,0.0028534167981470525,0.0025425065860435313,0.0069666405633233095,0.00809190467341342,0.0015439308151972096,0.0015686637980171696,0.0011961089468284273,0.001820599377740787,0.005952660018100828,0.0017943019309041336,0.004387768967200404,0.0014778761555385106,0.002256684956810393,0.00048745059401667526,0.0009486930796258684,0.0005005998137832666,0.0010540998727512974,0.0006098467476448183,0.00032901111637511553,0.0002758767891564051,0.00027461263430824756,0.0002964682669695429,0.00039498465519193285,0.0004615642251472172
Alhaitham,,,,,,,,0.00924064484279388,0.07422531593174053,0.10009901072595127,0.054702418402369765,0.03883234762671,0.06930747008324402,0.09802264252139997,0.054396168572246516,0.050754193156070465,0.053854822302679545,0.1807694868780268,0.2106369115486259,0.0962378883696491,0.09272982935198108,0.2318914484628219,0.3020268100311444,0.10558104573426924,0.10822926923659008,0.19615009046816712,0.1700065552934434,0.1193225517302599,0.12157073129957373,0.0651075516859347,0.0576167671879544,0.04259840920442945,0.04407019890824441,0.05465333167815309,0.05080822372644878,0.025312313663936003,0.06648657774156407,0.018281798349926336,0.02347489015845686,0.007745735243767422,0.0023806193470677713,0.004417270421790119,0.006583338114390326,0.00866258998229808,0.004080182967154098,0.0012156040012342257,0.000787264965414525,0.00118718441326371,0.004768175484597679,0.10318588978927495,0.0030808366679742727
Aloy,,0.00011202054087087687,5.533617909986693e-05,0.0002982163274947572,0.00010558633393180392,2.4979177241523398e-05,1.8332289125690394e-07,7.996434654410295e-05,9.595703976246534e-05,5.6829460331974986e-05,3.097782877627334e-05,1.1440473716814394e-05,4.25411898228576e-05,3.7546076620876225e-05,1.952345316259803e-05,6.26572959976517e-06,4.40620981782479e-05,2.9034959147879542e-05,5.2921168883161874e-05,2.1509557036583093e-05,0.00016530325037712978,2.5390059592177234e-05,2.827367838123362e-05,2.9339270759294527e-05,0.0001226638392969881,8.382262510523744e-06,4.620693677971765e-06,9.695221600347645e-05,9.940823091530056e-05,6.441735714485074e-05,0.00011228866533740554,3.3282601099293256e-05,0.00020486244314344183,,4.023748876923578e-05,1.5470988779377392e-05,,0.0015211776521380884,0.0002160763536041641,0.00025668790907172655,8.300556310693994e-05,9.773057281848247e-05,2.02283443537892e-05,9.723071384046534e-05,0.0001961792079413183,0.00010665518536674245,0.00011446770109405036,3.829472086095572e-05,0.00010853911045924193,5.4511208115926745e-06,8.527983344459561e-05
Amber,0.0002708467570774832,0.00018868894301889074,0.0003684515700768046,0.0005425300507165138,0.00042762071197356087,9.321037100636956e-05,0.00019272478436028112,0.0003021203723640024,6.481130240483648e-05,0.000131270559123527,0.00019823267626952796,0.00016719676704566637,0.0001334746098245851,0.00015513139358196818,0.00031499391577342124,0.00027958968564242116,0.00024926225402785353,3.973510717949498e-05,0.00011059024194110312,0.0001293927039103087,0.00017879664848582266,0.00013939791845167285,0.0003753563334445784,3.2586785089704946e-05,0.00018385446622869734,0.0001396262646569126,0.00025166829732247857,0.00046283000680532243,0.0008326731627651374,7.737416942223164e-05,0.00023124453058141374,0.0004706888853824255,0.0006071553052684535,6.464900883561423e-05,0.0003523209248052905,0.00012144151781958607,0.00044943163350352815,0.00024104057979383215,0.0009207137064318001,0.0006468252911991317,0.0005268036285170582,0.0003174471932554062,9.874346287392388e-05,0.0002724797664007955,0.00031553174455480846,0.00012274706676635865,0.0001989901164608873,0.00016316996260758192,5.1028072601094334e-06,4.755097437681423e-05,0.00022220037985825036
Arataki Itto,0.009165924259773531,0.008763201896408175,0.009016206495961831,0.014294011403764849,0.015398926426028364,0.04368679783645195,0.024389053209759166,0.02060743079473953,0.008488525525245396,0.00719802230914384,0.004398685285043624,0.004327665383006035,0.005539788462024258,0.005166209937631265,0.003176462094193348,0.0018497445298450202,0.0015793256878387611,0.0019806445770564683,0.001505092974713676,0.0019888122054789264,0.0023272183981823402,0.0019623632140950433,0.0025214105990744654,0.001985473912176428,0.0024131749131652298,0.005094950490987844,0.004224114802178975,0.0021963906296480033,0.002132227538485049,0.008332479016140064,0.009202272412111863,0.001830992915661375,0.0020732035694333937,0.0010765649770407958,0.001579644169917442,0.005712314604183695,0.002008824034586077,0.0078328531727681,0.0025892753083306672,0.0030775591379699607,0.0008838039688120699,0.0013297850012743678,0.0008143036966993534,0.002178306041207189,0.0012743873535177954,0.0010104866858107822,0.0008648957671498011,0.0007906257906898393,0.0011679626391067589,0.00045777756452813765,0.0008226227363812856
Arlecchino,,,,,,,,,,,,,,,,,,,,,,,,,,,,,,,,0.19672149103499786,0.23478693421365238,0.0645872844487645,0.06494123540645409,0.12701392908082115,0.1631934145247947,0.10497081231774379,0.08012409194876798,0.03240863991619933,0.1379357033862623,0.14494014240161693,0.074162990891201,0.16298503093469247,0.06717883768298952,0.12899329812347274,0.11300797214288467,0.08952463050708032,0.0774455659472863,0.01874162297383052,0.26263222359817917
Baizhu,,,,,,,,,,,,,,0.07761116761478568,0.05150871239303286,0.03767100934889894,0.03809278816235985,0.07860074744125622,0.06459094922023303,0.031950238198333834,0.02337309542688189,0.07114107725075476,0.07638978684846774,0.16738440430000118,0.1770761543500584,0.1121724571363291,0.10840417180422955,0.11360604106824783,0.08673007734645642,0.13840633064676328,0.14840427758483463,0.0927874093197366,0.11309376211927388,0.22228329677081307,0.18515667043469752,0.17275944695604706,0.10280324085161431,0.08664314751714154,0.05926331228034824,0.02395258675782107,0.010100571836838658,0.07166646702073128,0.10375721692185365,0.03024463238843971,0.028719580750323485,0.0027053415152094207,0.0015975686180944497,0.003809348019008996,0.014809484412943974,0.041009315967743,0.008033682160054395
Barbara,0.009197333362408086,0.00810045097105643,0.013583153772415169,0.018045245477237053,0.01824908224174648,0.01619635030852053,0.016638343922874634,0.020029574906897062,0.013404855427994423,0.01206184069918814,0.007422878835580109,0.00815778747762602,0.015336048950556609,0.023515695681818646,0.006511936996357796,0.006332682073746001,0.0070202728911461275,0.03676377642338344,0.025112163288288334,0.014084492505948645,0.00944109963371882,0.016361865412359063,0.017237571436928348,0.01031725924163241,0.016812226038694613,0.005798083956707441,0.005834499958356281,0.005097846947445603,0.004592878221182078,0.004307061577189652,0.005565192806530212,0.0035038555393597797,0.005394253791843477,0.009769059834575666,0.010810896025370716,0.004567397927949221,0.004024170183911855,0.0027680673960075322,0.0033160969807017526,0.003379762455597333,0.002230684346335239,0.0033621203975746253,0.0018361748272634041,0.0005848693509276135,0.0013116881141427563,0.0006678554305293888,0.0031878251100496643,0.0012089580524794954,0.0022263484959242266,0.013888664999281852,0.0018918073425717686
Beidou,0.005774923100765024,0.0061140442784604326,0.0055831032985982475,0.0039060172413730686,0.0026828306318125755,0.0020096996771570546,0.0016641501278901267,0.0017142363460756985,0.0029554710448870766,0.004061787354512595,0.001502230676772321,0.0011242830541519056,0.002986363205878158,0.006973977761258166,0.004681191797781599,0.051824182033447984,0.0662540283017854,0.0129976685779648,0.011982038245015104,0.012848965634575249,0.009908331200661723,0.00871965808579278,0.0062229663263156125,0.00525384186588505,0.0059266100449286915,0.013639174975684478,0.009008491442449959,0.00298716407709865,0.0027923082410524053,0.0058379566219670135,0.006031182184263552,0.012422001554171287,0.010136349534607516,0.005143841872610406,0.005388222002503086,0.005264788993695661,0.003683773560950823,0.003060362488034927,0.0017390261592326315,0.0005715180665770216,0.0012693289107380333,0.0008909361042580068,0.001022580866508373,0.0008151854128086656,0.00028406282366608414,0.00027540799360302714,5.248749402619583e-05,0.0007095975185259869,0.0009855144150912772,0.0007406453550577795,0.0003944659235904329
Bennett,0.49069052525096246,0.5085100720498685,0.5018601067912324,0.4352917985879277,0.4402920677661311,0.5033848535676447,0.5228266065599252,0.522460775627161,0.503644264869607,0.4609712581788872,0.4981406033305507,0.510227689598436,0.4778584031482305,0.4345844673686797,0.46494750533891904,0.44225201958569504,0.4279455453574207,0.3719252347578467,0.3230016162803314,0.4500874477663308,0.4656565799086452,0.2731793728318394,0.15204919111791074,0.1544710323960845,0.13719755424866856,0.2712376308112824,0.321448852401438,0.21960105503197,0.20559779981058848,0.25515137722878484,0.252471135249292,0.4079187479676074,0.40030308754117827,0.12661369204393355,0.1398766691030031,0.3071582078770252,0.3710789940003341,0.2240749733985328,0.16022245122996276,0.08440867067008245,0.4396073945718202,0.33669669655715495,0.20200844625837394,0.3948114391586685,0.21916535189800562,0.44322133202984815,0.3952826693153961,0.4449112412047244,0.3541723616192689,0.04679457210815405,0.520357706736437
Candace,0.000218862616158522,0.00015933223989660498,0.00015596549056363796,0.0002542998105471102,0.00023419342697784528,6.893983140780167e-05,7.040228151961068e-05,0.0001482086523318501,6.819866480354243e-05,0.000250942213981454,7.122776015475095e-05,0.0001894381199358538,0.00010905142417817395,0.0003794793060318266,0.0001237071692092484,0.0001390326973109738,0.00022379938055390323,0.0002938557461617768,0.00023071780218049132,0.00026412914379385924,0.0002181446658330405,0.0002173605341417715,0.0005927370156588957,0.0004186128328572525,0.0003215633772270033,0.0001673350987357551,0.0003988828043873347,0.0002228343420836635,0.0003508234538211801,0.00035275847966995865,0.0005579627382773869,0.00024540560196788285,0.0006130126870338989,8.872554137594433e-05,0.0003498875375392913,1.553290065432625e-05,0.0006584006778935871,0.0009352858374128457,0.000976685781231479,0.0004646774447987176,5.853193433387454e-05,0.00033976879526738206,0.000232876178983005,8.206220263537679e-06,0.00010778598933317411,0.00012229145415544338,0.0015546468336728547,0.0004117094429747907,0.0001484345283556433,0.00017705158112683847,8.630543609829002e-05
Charlotte,,,,,,,,,,,,,,,,,,,,,,,,0.05684624159087052,0.06531592333067408,0.03530824390831076,0.03405871358188103,0.04082341100154952,0.028616911280150995,0.056488134935772545,0.06457696400588511,0.06584956926445967,0.07346550324143902,0.15856071023769733,0.16465727142224043,0.1709047667648022,0.07818246546079813,0.06445828959239132,0.047178440534093966,0.012311745063423588,0.05505549235451024,0.08286261512106521,0.15686370733754817,0.0797014223485771,0.04317249589710309,0.056905787380367556,0.11950361319685837,0.008526483997736572,0.01029814720629911,0.007741893416110288,0.0029345880080270358
Chasca,,,,,,,,,,,,,,,,,,,,,,,,,,,,,,,,,,,,,,,,0.03880480066288979,0.10959336908905976,0.038957938745082916,0.018610585133629724,0.03223590682888682,0.028871020889042996,0.023634449463654204,0.02088021291186685,0.0274756201383181,0.02663494023519933,0.007146642395213617,0.019746180636942945
Chevreuse,,,,,,,,,,,,,,,,,,,,,,,,,,,0.022511370199270356,0.012074530239333374,0.011614927947391376,0.011309385637498814,0.011237190441265253,0.012382949720203509,0.018428392755164193,0.006925757350557118,0.010504523665265903,0.01947489475667134,0.019083427185790706,0.02024077833204789,0.013419104648719144,0.0020406728528759785,0.016109438317816888,0.011131478792637485,0.008137068914139676,0.03905136325680947,0.03209835621651608,0.03804783666730946,0.03142152758957228,0.018803464174483264,0.015365737732165199,0.0016126277580901676,0.021200829699479656
Chiori,,,,,,,,,,,,,,,,,,,,,,,,,,,,,,0.018993956149508218,0.03131022190087274,0.008426325670066556,0.009267294805782759,0.004646950228873929,0.005936536204813609,0.01798973206288103,0.008366118914589634,0.02025261605712992,0.010609371764815244,0.013659961927376537,0.005044068195185132,0.005354102238516216,0.004445905757331193,0.00930327852762335,0.004484218690427707,0.007282870715833055,0.004748477616493872,0.0032175694737160395,0.004447696639279924,0.002977479291521223,0.004182817220053132
Chongyun,0.0024596467279498937,0.0027074808632378553,0.0023486443868742236,0.0018229651787794602,0.0008585878687331174,0.0009509489848222825,0.0006726567164763042,0.0008957138508252032,0.00047210257354127634,0.0004834935720201992,0.0011836068211113135,0.0006634134815112913,0.00015624860806817833,0.00036446781854537454,0.0020451246379791527,0.0006837246803798649,0.0008055913811160757,0.0002794734927762427,0.0007244940139852136,0.00026749582883113635,0.00031787345011453206,0.00037457379213043,0.0006376515222725409,0.0001834958562733202,0.00029890550632877884,0.0005432936381635197,0.0007466132937435928,0.0003502566534728744,0.00047213806678731676,0.0005304945943960983,0.0006870451916673016,0.0004718215737754068,0.0003554396374903685,0.00023568111497765593,0.0004032253816505797,0.0005256169512941737,0.0001863838187589481,0.00040430991112940667,0.00023673742797378797,9.60318344971396e-05,0.0018624014948304985,0.00191527717869005,0.0005069189472793322,0.0009141095506244137,0.0010988126910043377,0.0034266444975988614,0.004589869040843984,0.00024895784648673385,0.0003157849954842807,0.0001801793286260595,0.00024158016700345547
Citlali,,,,,,,,,,,,,,,,,,,,,,,,,,,,,,,,,,,,,,,,,0.41026628817897104,0.29510143205692485,0.19388760461004548,0.32911828801959486,0.21206190159441712,0.3784467656104641,0.3017593245260476,0.43403636262435147,0.34517261032081586,0.06466637114647437,0.4800490728308972
Clorinde,,,,,,,,,,,,,,,,,,,,,,,,,,,,,,,,,,0.042061281360920244,0.026794859934753255,0.012134537300217163,0.01687497199103537,0.008771390443073632,0.010724737224291573,0.010259697257281639,0.006560140139512486,0.005315171202312711,0.00806126069978348,0.005780005999470227,0.005689937491662695,0.0037729591506368574,0.00264942874984314,0.007859144029839091,0.01092731831738978,0.00580239581913331,0.0026429522341704322
Collei,0.010480695308569316,0.020089083348617448,0.01426508509513395,0.020165067096562576,0.019669467915505515,0.006546589386075241,0.003750132145861039,0.003447478343084806,0.004789490892989807,0.003505218087790257,0.0013394301912211582,0.0011643253226800568,0.005954690007477114,0.008141919305443338,0.0025584148957373165,0.0015253421481660223,0.0011201989318014817,0.004863935866172744,0.005269698241046374,0.0019121538909276621,0.0013273157455020944,0.0030447567651777276,0.0026077760160806438,0.00142948409208458,0.0015856545706462355,0.003516422821325447,0.003573395164207386,0.00468853264945443,0.006678403631973313,0.0011123050371762686,0.0011110035703130702,0.0004490048640926628,0.0006028271669560165,0.0007221536635039073,0.0007082170396681172,0.0004786754861445899,0.0008821788599063165,0.00032699678437042546,0.0018021873472466319,0.0011701850486004323,0.0004850090976746572,0.0003627265334960536,0.0003616939099526636,0.00036679106373318214,0.0011163149345934929,0.00013659070557859324,5.403459158743298e-05,0.00011789765159588298,0.00031286730841074273,0.007609876139536386,0.0018354187692988394
Cyno,0.012199955742180102,0.015439020356449834,0.030599331708865803,0.02042488819562754,0.016831850475097648,0.03911199572875558,0.02588413857891367,0.022275445818256363,0.02062085943293113,0.015297073538495536,0.011526357012539748,0.009021464950540148,0.014178750153205494,0.016068912361504296,0.0072936368580962955,0.0052120085338154005,0.0056199829893466245,0.012545233554602743,0.011999254872833862,0.009824067913454625,0.008954000800863003,0.008534693582293569,0.008808311314859511,0.02315924126475597,0.020825845019418015,0.010860004422827304,0.008565730015591771,0.006193369479707654,0.007492272227948019,0.007109800411087218,0.006716058765546611,0.0031277473463021963,0.004087156090529682,0.002015195614919844,0.003135939406480367,0.0027438449506095187,0.004110374643342945,0.0026841406530519946,0.0025819090879947468,0.0012545436565582827,0.0009404845855337358,0.0010710567794962689,0.0013918733166838689,0.0005795473700017026,0.0007925613053550128,0.0005768705494189128,0.0005674487624306292,0.002074834371442242,0.004793529505644335,0.0027541051165344966,0.0006986987815253341
Dahlia,,,,,,,,,,,,,,,,,,,,,,,,,,,,,,,,,,,,,,,,,,,,,,,0.04253820770633563,0.003982277004215847,0.003467002747113553,0.005280527970297822,0.001397396986779809
Dehya,,,,,,,,,,,0.005377857827156826,0.0031445128852667526,0.00247262798567649,0.003087715076332692,0.003059850014731031,0.0017496078085601874,0.0019108118287813223,0.0012559296672957371,0.0012840095882223177,0.008477003833308641,0.009119715045970523,0.0061495228776538395,0.0057130864309997914,0.005702588245465382,0.005232406952103825,0.006969183741484341,0.005551890234358596,0.005206221402365735,0.004681684648324184,0.00898370050767506,0.010508402711121686,0.010798856155823204,0.010602272687229006,0.007037678564748441,0.007345850105113042,0.010409136709149431,0.024422914121079817,0.013346642697579942,0.010192779898318398,0.004481583084727345,0.009049320286905565,0.002028667891261202,0.0013950956089629747,0.003462315304030259,0.004325224449659893,0.002324655385522444,0.0017274604403511931,0.0012936338657380726,0.0011565421237554351,0.0006077923236539637,0.002116542405153155
Diluc,0.00961851640543391,0.009182697635587383,0.00947312307323886,0.011860513361862546,0.012839198845344997,0.0051752290389822965,0.00452461313469193,0.003996540096239878,0.0037622030878549082,0.003922445852374303,0.004432915273628154,0.004341666814865823,0.0018682106244006418,0.002117215383298572,0.009742331365882265,0.008530793186745229,0.00930687435382155,0.002245409525836821,0.0022156731689141774,0.004722358533981955,0.0071589568596339736,0.003455919420556536,0.0031140556885231145,0.0013571205685891077,0.0025572117782992213,0.0038476143727613783,0.003927852199364429,0.005076580877301218,0.008637837083686166,0.0056068964374730605,0.007033145669220736,0.004849087239011876,0.006811231200931015,0.0014513599130245077,0.0019253311465024265,0.004649676169864103,0.006775852223897177,0.003311182649977621,0.0021295577494823436,0.0007605872606383336,0.0023832690292502896,0.002589277471771197,0.0016631319303708314,0.002166130651225505,0.0010085130769337378,0.0016556091650496482,0.0015670269666918264,0.0010938467593805364,0.0012767903741237566,0.0004756011659569043,0.002262527684842355
Diona,0.07360619084260195,0.057680309994768156,0.05946180989476666,0.06488432925360355,0.055156332212526166,0.029846012344540276,0.028600823036907617,0.027892197584131913,0.02477912332801455,0.023124007269180163,0.016650352427145926,0.015186549891495243,0.01609524929126371,0.015362833089210859,0.012613232868660984,0.015790066334355177,0.015965183733804345,0.03229740172774073,0.03248238377157325,0.012831701451759766,0.009195674468613075,0.014630779403128218,0.010987461684353727,0.011019579789717404,0.01306462113361935,0.009092924163887066,0.0061519995409303205,0.019685863363031943,0.01440963191930751,0.017045570024368857,0.017250143645740984,0.006889223314956646,0.008186504118541105,0.014191444580899857,0.016192925897601664,0.02044916281396031,0.008721271319413993,0.006836417736449583,0.008974550193955384,0.0038895371453009464,0.048814535916703254,0.025868495115917208,0.012091944206100802,0.01534254396584819,0.005134454672298342,0.016258537160167223,0.023966719748422353,0.004932064457338523,0.0030278233780067785,0.0009920105935438597,0.006387923123713906
Dori,0.00046158336549127245,0.0004827948772038505,0.0006457764701895333,0.0005538478184213805,0.0007179828386976796,0.0006297439531083648,0.0002890532014574092,0.0003280344044190612,0.0002619372569703268,0.0003976674297001345,0.0002624838437845125,0.00018978840744137326,0.00032734499153450465,0.0002288372712757689,0.00020547539400321796,0.00019253172465461812,0.00018356318266527584,0.0002561930394825807,0.0004211267706074672,0.0001701291586696382,0.00022059204968251614,0.0006264664523359416,0.0010812936696382707,0.001002392703286928,0.0009205946307173654,0.00038174853283398733,0.0003668683685705721,0.00039182975964045834,0.00036070431627352895,0.0005410642609039461,0.0007206457647847685,0.00026529279542081025,0.0004233598974586889,2.9021584785618206e-05,0.00042307411588206844,0.00041862059975793903,0.00047416756358401014,0.00032105770114059564,0.000217682773235893,0.00047617363426820315,0.00038391566438103855,0.0001883518093106073,0.0003204570698236458,7.954765896963152e-05,6.86178648143375e-05,4.369998130872528e-05,1.6651758474020776e-05,0.000174718481627883,0.0006891769622334083,0.0019383792389614017,0.00017285733865676412
Emilie,,,,,,,,,,,,,,,,,,,,,,,,,,,,,,,,,,,,0.026771305641915252,0.018192437030872567,0.011463449953954378,0.006760340619089226,0.0042374563498584475,0.02277975090357903,0.006808382560512206,0.0030896461889057913,0.00870338478843446,0.03479924904321714,0.0063020355957500804,0.00683355565465617,0.005112422647704177,0.003875315085998618,0.003326893582924833,0.005258622715100713
Escoffier,,,,,,,,,,,,,,,,,,,,,,,,,,,,,,,,,,,,,,,,,,,,,0.21670680640220133,0.24795242388430036,0.2967474800794316,0.0525072508132847,0.05744512636640006,0.08110863455513527,0.029048074425050713
Eula,0.012792978263357242,0.012018791341018492,0.011362587572557096,0.007242750551827059,0.0071771461568726404,0.006723193086990876,0.0061364261850065755,0.005589286609685645,0.005457003969697537,0.004828918060273694,0.0014984652558701762,0.0025284640253590194,0.002502507003484617,0.0037591431517631597,0.0020987549574873533,0.0016561255564952694,0.0015138959423752444,0.009209729962858015,0.007244626203349361,0.0035260348937884213,0.004245719470997135,0.0031437928769616316,0.0032639142219058775,0.00295840547036362,0.003233736736653192,0.004106617277314914,0.00424448576911377,0.002759668529446829,0.0030898478986056306,0.004071820560907627,0.005588149994002464,0.001983003762996892,0.0033334490217758893,0.0005423430555989,0.0015523489610399885,0.0022804565536292546,0.0020599335939568875,0.0020917729919760902,0.0017640854221972542,0.0008852221501708954,0.0018535320967051079,0.001886413612364685,0.0012481923132002697,0.0011107025891599473,0.0015307351992605086,0.0014422532309054468,0.0012411286424331863,0.0007098851544505793,0.0012967000853421201,0.0009779812871529897,0.0006719729609594538
Faruzan,,,,,,0.05458245605244754,0.05924267215520004,0.05068186068005301,0.03394872274427631,0.02997516364101304,0.018364326195203208,0.019432656594019226,0.018844856126066976,0.02196833995726787,0.013383117128488525,0.011845845908799672,0.01247425008431399,0.016599922339847063,0.04122636254352643,0.03602032781078835,0.038133918185453634,0.03429725080195687,0.027742380862589764,0.013490828049672395,0.01700928706854448,0.035860242906089676,0.03755819225489001,0.04022707668445513,0.0779229267991947,0.057448016536436976,0.058843668218275275,0.018688021193043403,0.033960725298624865,0.020213647258304126,0.02913601714344518,0.039003629446542135,0.035804536609940006,0.028126206753653706,0.028859975536122327,0.012315394918531498,0.006035774465873674,0.02022260359891577,0.013953120307405368,0.011924415121786403,0.010941221078665351,0.0056836447085044555,0.005935728739009855,0.004953432586017197,0.007441471610438248,0.0036126889988830663,0.006275439015604931
Fischl,0.03921106479325966,0.04167279909166777,0.0553253387704723,0.04551062714537336,0.048833883871347315,0.03636783585356553,0.021533841897613856,0.020025978218434506,0.03680163526846321,0.029893410165814777,0.015724170184302548,0.010383031769085904,0.031879623469401014,0.037635158151286985,0.012907377925316587,0.011579522303264329,0.010987466686972588,0.024622638533960007,0.02499516968686894,0.014298973523179659,0.01447718330955443,0.03025063193300003,0.04118396953333956,0.049586884456582554,0.04526705852835405,0.03898429231281521,0.029942958697507606,0.05501156101989334,0.05447582625167853,0.03563168237352519,0.04218245017390525,0.017582808551221747,0.020138288153108884,0.05106650280070409,0.0420069872097428,0.031093923169977725,0.022730625440003073,0.01838921342236149,0.03322770829808264,0.018186759345968865,0.01259503194967128,0.011580168031985659,0.018357200710406755,0.009123517405004933,0.009934105695492274,0.00526407739009058,0.003632932232337222,0.02153486751311717,0.0262127666683276,0.025775411903560266,0.006883502752390987
Flins,,,,,,,,,,,,,,,,,,,,,,,,,,,,,,,,,,,,,,,,,,,,,,,,,,0.07822677383069508,0.01854985102856354
Freminet,,,,,,,,,,,,,,,,,,,,,0.00019915642377144198,0.0004837399101825714,0.0002617792391084528,6.237909838502675e-05,0.0003125412076603212,0.00028486802570501263,0.00038300765464781733,0.0001115480906562474,9.10748280161264e-05,0.00043330872784180227,0.001376290271327552,4.654958352282562e-05,8.250518149517456e-05,9.415304160735157e-05,3.466880264505379e-05,0.0007213536367505946,7.525291467206975e-05,0.00016239438171015803,0.00014019658103662597,5.230297419124059e-05,0.00045532023717470164,0.0003992309547353874,2.736971332819849e-05,7.107652693946272e-05,0.0003362297059499446,0.0002618050115737561,0.000225280524397996,3.177427949713039e-05,2.3713124517329788e-05,4.6797240008966266e-05,4.7697042265001965e-05
Furina,,,,,,,,,,,,,,,,,,,,,,,,0.43234851449421513,0.4570685669704822,0.2982823734145981,0.291934053056224,0.3419251816651984,0.32470665556209477,0.39446633937179804,0.4089186997530489,0.3331721482930001,0.3466822708137267,0.5015584996535832,0.52399042892954,0.46661112645606023,0.4177068151994268,0.5019433019801153,0.5093218391545964,0.5219124267064631,0.30797378935877173,0.42643328672128006,0.5162729867407742,0.3736549115758992,0.5034009770942262,0.32716288460645493,0.3966651349933409,0.2696512921624338,0.3996252614443608,0.2942437807017521,0.13820590833407775
Gaming,,,,,,,,,,,,,,,,,,,,,,,,,,,,0.004576287061000983,0.018138732268123278,0.006559525930346087,0.0059809115089016944,0.004376747737958629,0.0047361595429064995,0.0006490768739898294,0.002175860828819038,0.003961994854525739,0.005837591762981042,0.004479773846275398,0.0026963572114695787,0.0006748635826918791,0.0024871136758228885,0.0030550296512277643,0.0027506273841669602,0.001832408516246716,0.0009782973837241249,0.001245870153138441,0.001269622131962624,0.0007427386183541856,0.0009448966757301766,0.00017536865669792815,0.0018156158465301119
Ganyu,0.08815945109332984,0.07600143798360115,0.09251828642092412,0.11803241026250831,0.10312753536335693,0.10909933250769792,0.07820380039360429,0.07551632329777076,0.03915793632607553,0.029542940104043666,0.02604718252612791,0.018179245522423206,0.018989065208933488,0.019102921574084452,0.01919333780586635,0.012819131783123692,0.011140886423901335,0.016019608077984172,0.023197980541022272,0.011320577107856,0.010600227911507764,0.014421913721839787,0.011787566181167358,0.006015740102511114,0.009042267326125591,0.007996718050390353,0.00898550818985033,0.01946308990299227,0.015691613049457473,0.007722318981078942,0.008638934466092802,0.0048061154246931545,0.007038625674246279,0.006932517033890264,0.007797764979526402,0.008986224996388953,0.005322690345177189,0.005484751732187126,0.006593803887632818,0.0030396713073042696,0.01665630084204296,0.02354302293293952,0.006514313461814569,0.011347225446555528,0.014363087013706774,0.031050113444845935,0.018358883964236034,0.004065389439237258,0.004107942565974916,0.002023381979268373,0.003716400418433617
Gorou,0.008336920476809305,0.008577435924428624,0.008326626092103329,0.013711857615481686,0.014390291737359283,0.043888074544773295,0.02429579686843461,0.02043359836804258,0.0085881774441927,0.007125256978691482,0.0043793980419921715,0.004242034287507933,0.0056768103194775885,0.005397864200536714,0.0031042707608398322,0.0018793144689245574,0.0015804348154807159,0.0023589623713352907,0.0017801200542752467,0.002167150005568459,0.002553593689072345,0.0020745105601853216,0.0025275656300712654,0.0028494374073681967,0.003592042377715288,0.006308546474036633,0.0058772586158858655,0.003891139271691432,0.0038838788166127396,0.011628811752793667,0.016009562547585333,0.0035437989405389387,0.004470973243929417,0.002521140477406886,0.00359438630814068,0.009146296929205454,0.0041140323684730465,0.012936520887405696,0.005985404681761902,0.005554682782531402,0.0014059065561498301,0.0026914583704960777,0.0017685192308314495,0.0035266931663493783,0.0022862175581256842,0.0012660019775644464,0.00084005160507463,0.000922189073327575,0.001613959071597607,0.0007305248210615697,0.0008708715463646949
Hu Tao,0.09644781215548387,0.08729108900731765,0.07483780756908419,0.16862242045390397,0.16508494100807006,0.099499172128639,0.06286194114523716,0.05131041029187424,0.042425177139519196,0.11340275041080786,0.11538225765950366,0.09904662927997959,0.0865551571863138,0.07024858317228035,0.11169248614791777,0.08809564662492048,0.07881610915035074,0.05870520259466152,0.052571939916005284,0.08010048423512281,0.08328077028157026,0.10529996211778199,0.0931801847742217,0.07058416736371283,0.06400490763799763,0.10213068369106873,0.09355241051401024,0.1059824269483901,0.10597207837981124,0.11529785116077712,0.10808670914038858,0.0726604581700778,0.05229530496269687,0.017792170260448586,0.02079704570287234,0.0424571903429837,0.05809532532144412,0.029225529693377137,0.03713895726966612,0.020426370263381455,0.028940384099969792,0.024922566743115344,0.015503718120312473,0.017131383465410314,0.012189767114535649,0.011380050177945196,0.011531201690496783,0.00992462440201652,0.008704288964986108,0.008779697813686135,0.015346139137244334
Iansan,,,,,,,,,,,,,,,,,,,,,,,,,,,,,,,,,,,,,,,,,,,,0.04211328993438388,0.026320739500556134,0.026168110092755614,0.028869382823456913,0.03570162150884068,0.03520594313014313,0.01640433098414832,0.024567750332524556
Ifa,,,,,,,,,,,,,,,,,,,,,,,,,,,,,,,,,,,,,,,,,,,,,0.0008080016223654128,0.0003537875228118001,0.0002377581763263609,0.00138291134818987,0.0013599353862249145,0.0001966585323150317,0.00021519910152983164
Ineffa,,,,,,,,,,,,,,,,,,,,,,,,,,,,,,,,,,,,,,,,,,,,,,,,0.0927115665199307,0.1929536213921887,0.08228888304234142,0.02144484575725639
Jean,0.006511316405366133,0.004503852898678725,0.004064206349629951,0.005907310031336091,0.005553048714150151,0.011523635174797174,0.011194457401273818,0.00650582564289892,0.004104004706702065,0.005316837773353718,0.005468042664045921,0.006657686790540195,0.008885243566361866,0.01014017696124373,0.012177918233543566,0.016879835677217774,0.013937866512524922,0.008678166466398702,0.006253175995511981,0.006121034416327506,0.004885513830993782,0.004487780695482481,0.003380392504035735,0.1211576666691364,0.11420946540517926,0.055037996334593095,0.05410068989606208,0.07542787678668966,0.05033221662197956,0.056728170684917936,0.056187276906399373,0.03855708222158143,0.04163075888790898,0.05431265758411957,0.056379235051037604,0.04428381983970275,0.03344186569251819,0.029816769487531515,0.023353817709383475,0.020394464953769405,0.006212246840886122,0.019845158790420227,0.027134077494877146,0.009874074692877214,0.014130575999637284,0.002804570876017852,0.001379608038324915,0.013776074289135767,0.05135389722121392,0.006590973225172109,0.0019975691999640477
Kachina,,,,,,,,,,,,,,,,,,,,,,,,,,,,,,,,,,,,,0.011312130685685746,0.0081560978143892,0.007793991900910124,0.0066320087993666284,0.004958042981916883,0.006460596019298576,0.008049704906501164,0.0035131408856400297,0.001882470836179064,0.0009310583980228957,0.0014040412113872109,0.001323632292387384,0.0005585876133434814,6.609132655621173e-05,0.0007911775071517759
Kaedehara Kazuha,0.31526713486792113,0.2915895166913249,0.31021925368910036,0.32766172555317896,0.3494376458882523,0.28207451215047735,0.30174706380682614,0.2621574061009467,0.3075459257075377,0.2972298061116342,0.20006739123167117,0.16289565414671903,0.2053778168436768,0.15189043219115567,0.1848858413697258,0.2166971771818727,0.22109324147469211,0.3319506492985307,0.30828500514309487,0.3506490033679204,0.37854605691813414,0.27712786721265975,0.22335103404049692,0.4055887578045607,0.41654448524234616,0.25480826850647714,0.24796489622563325,0.3025828962514957,0.2493703570511365,0.3703952471324729,0.3828775489961536,0.4243367501858737,0.4217794599771604,0.5010575589093031,0.4958791225514333,0.44878902947407795,0.4359707603532206,0.4529548390913362,0.47866579544127413,0.4566618082214544,0.23302832838748982,0.42030651953256276,0.487170967748163,0.3314276848306698,0.3907396066243212,0.1506042510919969,0.123249466785279,0.22166792319542356,0.24783370444182706,0.056089940011365066,0.11878837652227256
Kaeya,0.002726465715266401,0.003656834059976004,0.003527029515583485,0.0017369433623265842,0.0013342123428983182,0.0013891604580041122,0.0016415594938009792,0.0015894911330472485,0.001405525290195478,0.0015838325948091395,0.0014077343734772197,0.0014060322232829243,0.0007550245663608432,0.0008694357558987245,0.001218910350398783,0.0010675020619219401,0.001290120027962208,0.0015978962798307392,0.0019191470988417208,0.001578624773393544,0.0020798862955216458,0.001234954995621013,0.0017255684029791913,0.000773731071526895,0.0015169801277227584,0.0009688812551911976,0.0013465563045550171,0.0012122608125786775,0.0013593445879991276,0.0011687533219856161,0.0015884118639068476,0.001425795899604576,0.0015658073654711638,0.0011178833642284452,0.0013807720292888777,0.0015464989886648799,0.0014136717171444161,0.001141799702663122,0.001213367351993526,0.00045966589236160155,0.006534774051608483,0.005040995590390656,0.0022906787630484933,0.004379989382942546,0.0030082260852386518,0.008092446159834878,0.006389743180505131,0.0010465799242979352,0.0009661371003794914,0.0003515139289432719,0.0009813753803722184
Kamisato Ayaka,0.16243160756393518,0.12380630849539688,0.12934724245437093,0.11828716550413085,0.10432832692554098,0.0771841661076247,0.06782374586202024,0.06132028205881098,0.05067725455024767,0.04043362922795924,0.03912929164242033,0.04850544587264217,0.03665986690524755,0.024218288346685744,0.04907584276528164,0.04670343557637556,0.04439789521219088,0.08508035482601603,0.10998704201872612,0.05176666231053096,0.039931025906336896,0.054959463854253765,0.040977823812400886,0.021487989357450655,0.029491176756242396,0.014784402646307149,0.013294126216379052,0.04281115574858513,0.030277866741787736,0.01353954968390334,0.016548181914329187,0.012197667796045383,0.014998360292988015,0.02196446905372355,0.02006145209636929,0.023927266255688036,0.013021020068249319,0.020026814982322044,0.018751938886576794,0.0069968011563379525,0.015466671662940305,0.02639423341657135,0.014104048452204199,0.03354574273385868,0.09037949050319904,0.157392776456484,0.05685285465758138,0.005224596399819607,0.0056383719560740364,0.006327514304150608,0.004472669378611159
Kamisato Ayato,0.04308055529413639,0.04015434203908871,0.047089720327842886,0.048735031976220304,0.050850830916069255,0.04591889515342277,0.04847169786108259,0.05198786807439353,0.05534980506192937,0.054022808781014856,0.0324806448257574,0.031244823357061247,0.031048679592929354,0.03866102264191227,0.031672324365707286,0.026210253616446834,0.026753952227648658,0.05961258066284799,0.054572270459797845,0.03874303210227083,0.03547215327026501,0.029673926992457543,0.01932274282317423,0.01924121128559428,0.02972619889971566,0.015383208111883248,0.01789690143560638,0.01679500003594695,0.017289730282486253,0.020140790930463608,0.02494042241027836,0.013582277590869685,0.016021965176222883,0.014179953906662662,0.01646856140179765,0.008659032803726187,0.013490078375981209,0.007726861822215822,0.00895513179875832,0.006433647337829785,0.0021228844482260125,0.004030012347823575,0.006476232583813624,0.002496588299839658,0.006020363740048204,0.005189299013020743,0.003443381188080723,0.002815106586927922,0.0033634731593055714,0.006463411692566984,0.001953547904598847
Kaveh,,,,,,,,,,,,,,0.005586769595799196,0.0008718909032876263,0.0008645813270287131,0.0011068193659885316,0.0027657574460922146,0.003210666157699632,0.0006575320545439107,0.0008474498624648259,0.00135620735821256,0.002825733675774079,0.0009477341489962113,0.0012142420174522778,0.0016075018990639586,0.0025992671493364314,0.0010915276316997684,0.0015729860445597443,0.0012838566210559843,0.0017608311631922,0.0004894565645932801,0.00083050465763523,0.0006689033911989881,0.0010213583773898624,0.000997376063261672,0.0008219889195831377,0.0005428402540904457,0.0006828195295265704,0.00028079316216764535,0.00017682924268291035,0.00024962960479515956,0.00021741991105415594,0.00020929066984865988,0.00018162989522911853,0.00016950474516538497,0.0002954401803534527,0.00022113518300636315,0.0002391366235697048,0.002013057800381388,0.0004908387626654786
Keqing,0.015987296666014467,0.015233471411492304,0.02935237100868924,0.02513578187089452,0.030173189019682998,0.026018131165569454,0.015698006293666595,0.013469548508151527,0.01758937690871488,0.014677993388661176,0.007930832357629907,0.00588010764872117,0.010298364835159675,0.011277301759005839,0.008950915138881745,0.008751869976827678,0.008499747744141846,0.013771891090321616,0.01395619984786846,0.009591260740743778,0.011255608485125418,0.00838450085361722,0.006440991023776183,0.01544235436851659,0.019497795158641903,0.01261937310243111,0.012422571706718288,0.017654419313292515,0.019830946670733495,0.01656375724137926,0.021194687274560534,0.008439223432475756,0.012325598630505285,0.013368418745502,0.012226389594607139,0.008882209824842736,0.00950574192131864,0.011128462096069866,0.012666954419729724,0.00703142088901116,0.004477785800667176,0.005870983056278665,0.007007761650227908,0.003779033288225702,0.004379047009081384,0.0023959159032817534,0.0025812009843445387,0.0033858544205418047,0.0071759243944401144,0.005392449519880357,0.0025202267245593634
Kinich,,,,,,,,,,,,,,,,,,,,,,,,,,,,,,,,,,,,,,0.022180946412698056,0.014773571781522681,0.01070319508239682,0.04890799396631154,0.01065939934275304,0.006263378547936354,0.013754288314040032,0.05481363259005466,0.015462690729754211,0.015806387202364214,0.016767138272428456,0.011210246885538623,0.010707138498525021,0.01209919243486812
Kirara,,,,,,,,,,,,,,,0.004288543012357016,0.005082061270803543,0.006185162055770236,0.00980127705042568,0.00792461347351559,0.0038341836027920447,0.002962336137284543,0.004477480762275336,0.004547993631866529,0.0036183972886520074,0.003710046660848014,0.006250259451863846,0.005946790818594692,0.004715885488790441,0.005257109673888183,0.003297852534076986,0.004126913910660062,0.0019351571731100283,0.00256776449656338,0.0032771656746851123,0.0030716316744019753,0.004300131328127432,0.006009534540699435,0.002916121635506176,0.0034000373236137936,0.0013217761934234962,0.0009399501022494199,0.0012812846792911886,0.0014977583456103139,0.0007062196213236151,0.0014328549142723311,0.00011462341246852409,0.0001469078518259231,0.00019817972798170106,0.0002539306055121059,0.004131002012262387,0.000852206834791673
Klee,0.007182782157069816,0.006427889270621907,0.007870787614069119,0.012791475100486078,0.012275756317957506,0.005705851308133258,0.005627550874038218,0.007807874222243458,0.003365717138720827,0.0037815076552597617,0.006867523640399409,0.005023497418627026,0.0018501226362450957,0.0018236253424436034,0.014189197651173893,0.009711848749278391,0.008980344764257473,0.00359701203097899,0.002747567419152366,0.006822096019538455,0.00865953467650707,0.004916287765407563,0.0036922614955409772,0.003048762481695112,0.004147727869170381,0.006499371710589513,0.007088507384227287,0.00334558618561002,0.0035642183925979317,0.004335736151938028,0.006583230663241924,0.009852649406832073,0.011115501612851502,0.0025396138880138955,0.0038714696376039577,0.004673915510307529,0.007973284449342264,0.0038212028266337403,0.0028679838641058612,0.0016587021864490788,0.0028281739841037215,0.0027827613172617897,0.0020462764401768304,0.002847995090118061,0.002115636597040171,0.002535755475277897,0.0022662676852581495,0.0013361054331973903,0.0015531552032318526,0.000824071959033499,0.0025125410379825755
Kujou Sara,0.058199797271950134,0.06042116372863346,0.056462328068468154,0.06853465339446438,0.07987219497731295,0.05965788437897785,0.12706951226672272,0.1101715065480014,0.09364921952649732,0.07529025389617733,0.03929917421615621,0.027409487626913722,0.08454715632112937,0.06546826846886734,0.04597161096567619,0.039284295531956004,0.03303194497876539,0.029428356513633788,0.020875632362911963,0.03842321408238472,0.030438291563652492,0.01190212337063412,0.006330511745490148,0.017265857298654822,0.011879886141177569,0.015316186663191267,0.03638369157571859,0.04319962859688122,0.03489800195238581,0.026309212033560066,0.024920138295079945,0.019566348344559288,0.01950037798656453,0.011995985199273378,0.010800632890748965,0.013221466571792047,0.013631961683046083,0.01535934132565838,0.01911269420696714,0.0036238009557162574,0.005021740376409749,0.008841070729523557,0.010852253922329618,0.006930727073863531,0.0025209645173728465,0.0035533416907134927,0.0023151607356930257,0.0035216791587812392,0.004802521568759092,0.0013495622321345931,0.0025788753075504005
Kuki Shinobu,0.004589070838329425,0.008316290086430754,0.027273798659355742,0.041431495776873536,0.05506682660176918,0.07317267107952233,0.06958161761344724,0.08265964695335944,0.11691935526153073,0.14067093275156156,0.10607078835594749,0.08983534566623738,0.14251668727085562,0.2089696928389175,0.19884743736169716,0.2352402044546622,0.25666013930785864,0.2849500792919062,0.33647904282430835,0.22568541231468506,0.21252026911705324,0.36494023686904886,0.41629212614100286,0.19108779134033493,0.19312728502976145,0.32376927946745454,0.2899359697410863,0.27376826126654535,0.31293340420672655,0.2034894011757418,0.19518362158413335,0.1566340471218464,0.15426610147305012,0.11199618094925463,0.11935803049143409,0.09210596372972514,0.1341639553955148,0.043457838503055186,0.060902372844178314,0.04472727282373829,0.026850873486980953,0.019833728533439763,0.03759335218994802,0.020134183443645218,0.021545208067997382,0.007213320903953042,0.005326105427839519,0.046522987675348404,0.07997417791774375,0.46660343516108055,0.022587274311831464
Lan Yan,,,,,,,,,,,,,,,,,,,,,,,,,,,,,,,,,,,,,,,,,,0.016513391939300844,0.009310084635305733,0.016311372738756155,0.008166626224487222,0.010858425002874574,0.01195659780446505,0.0066852693868158855,0.005214734735305675,0.003844824000452921,0.019195005697922148
Lauma,,,,,,,,,,,,,,,,,,,,,,,,,,,,,,,,,,,,,,,,,,,,,,,,,0.018007370159374547,0.31775108822499626,0.04502885432928734
Layla,,,,0.0006659253438803224,0.0028460056936689365,0.0036715548186823143,0.003052530699812889,0.003118681992277603,0.0033278481824458995,0.005288177850986107,0.0048448822791548685,0.004831857535443535,0.0060841595720903035,0.011117708879687825,0.005419253395769618,0.004768544464112979,0.0050253481509916565,0.007759148927490206,0.012162923757186679,0.013603612613667474,0.009088149003150664,0.010100063328440342,0.013550259216229685,0.012518607950851326,0.015531173208830077,0.0142451698230661,0.013453318187295539,0.017048523768195878,0.015294316196075334,0.021400128887536108,0.024989699791294735,0.012828470860620004,0.020130509433183612,0.0216337703347202,0.03166355067841629,0.017476861212776126,0.026858598527330562,0.014592227358066033,0.020376209118091695,0.008996143451778321,0.03391627449797352,0.02060321987241312,0.008656629868694473,0.008563343974836672,0.009148166060313658,0.03174161222583642,0.042095371088847165,0.0025363989611840204,0.002526634641577077,0.0015061503579473343,0.0038408084175777664
Lisa,0.0018955401900645128,0.002240685299901061,0.002899507731047331,0.00027138133633875883,0.0004251286345527097,0.00022732823983380462,0.0003408522218021612,0.0002750631991699587,0.0005912083359130214,0.0008286485515710327,7.70600553041854e-05,0.00014277910109242222,0.00025169749707101347,0.00020360654571413263,0.00010088455557508293,9.10236012285561e-05,9.120282073033532e-05,0.0002131392318652946,7.96789055216268e-05,9.312986287544611e-05,0.00015546522328015424,0.00013137143289581498,0.00027632898496075396,0.0002825036596028673,0.0004481977694854306,0.00012099191252610095,0.0003243886148752663,0.00018458265751105716,0.00031541075420312933,0.00048439492501548134,0.0007048219405279301,0.0003093527234539606,0.0003817033123385344,0.0004854707135083068,0.0007380047638298533,0.0005787269611252862,0.0003220292009095942,0.00026501149944633504,0.0003163430093534699,0.0002223479258449219,0.00013591765751811585,0.00017345074765737865,0.00043810552931508535,0.00018886015963154483,0.00011595344735405206,6.000398991330211e-05,3.72622877116558e-05,0.0003147518212536174,0.0004226660851945514,0.00011462729813072307,7.588069151108868e-05
Lynette,,,,,,,,,,,,,,,,,,,,0.00298838887497801,0.004023295433348771,0.0015588840807428403,0.0018361140846544124,0.003696269556486087,0.00478361299492954,0.002651953545326691,0.002895979051324447,0.0031403927372355583,0.0038157578934702842,0.004228020828490566,0.005992789596780465,0.0052750398422112795,0.007371068641359635,0.004812283288310324,0.007285311607398293,0.006246250825702905,0.0031117196769633077,0.0021072724478096707,0.0024505969527958567,0.0013290762219110336,0.0007179320042640401,0.0021558283514566626,0.0017536753463385133,0.0012335828951329775,0.0011607596379819513,0.0007292194816588762,0.0004166064501155866,0.0007133869055479776,0.00046755483249479637,0.0002319921554431683,0.0005223684124912169
Lyney,,,,,,,,,,,,,,,,,,,,0.04617561121371019,0.056609933081125934,0.026525860369879885,0.017410336921087594,0.009151849021813842,0.008075304316323207,0.020881494443660664,0.020375809094141398,0.013671522724006287,0.011670469745776327,0.011168985342510809,0.01209540606162075,0.010842889483212485,0.011111684673656367,0.0029327373918439743,0.004621407602287211,0.010095664588906145,0.010581881948105883,0.00540885016205812,0.009207845554421668,0.0026443258695421933,0.005668313440516318,0.00353887464025354,0.002206347997838781,0.004593287594108711,0.0019950011840738587,0.0035959774822837925,0.003630438803752723,0.0021386060986976823,0.00173108375038028,0.0005363336810828916,0.004232291306787374
Mavuika,,,,,,,,,,,,,,,,,,,,,,,,,,,,,,,,,,,,,,,,,0.42260674789563024,0.254407081702491,0.15046258091708506,0.3076426127813842,0.18885576568412976,0.3893288180610662,0.3443155772558286,0.4154766650194795,0.321737916830382,0.05955498940583414,0.378156199033987
Mika,,,,,,,,,,,,0.0003399646150754925,2.8010172986610125e-06,0.0003885649053519927,0.00018846844184406666,9.575883200687442e-05,0.00014703199619192287,0.0008011835609535759,0.0009190629720951214,0.0009734619855125142,0.0011850848165010728,0.000864957501545758,0.0008422199193974336,0.001072527575743444,0.0018961261453870459,0.001338831991819077,0.0018634307786747053,0.0014509651185424296,0.0013989345507749525,0.0013310663540125251,0.0024576676841459996,0.0008035347796055978,0.0015613694701576784,0.0010398117803625355,0.002143201311839685,0.0027029917265906996,0.0015512384299508086,0.001938458849817438,0.002045308461001844,0.0003360339770702126,0.0010409856892372284,0.0013772423991930255,0.0015881962837187768,0.0008773237171143982,0.0014556332469713592,0.0007858504013527859,0.004264605116347491,0.0005764155221835598,0.0009666376654385877,0.0005822711909586244,0.00020546955002078866
Mona,0.06392291013362342,0.050923693770003546,0.05326893453412673,0.06075904159989734,0.05559944491021287,0.03655626196757233,0.030464362496157346,0.030239332218561506,0.021327036936382163,0.032607554890901516,0.02906600192645063,0.029227942459382785,0.025355958959163396,0.02112299793637393,0.018980841452726202,0.01966198542098894,0.020190607637444815,0.043196267298044835,0.03593990744259632,0.03269219936853474,0.02810552297669187,0.04425718652506639,0.0389578137350939,0.022366411601770383,0.01816329081569516,0.01936619646143931,0.014900725903515837,0.01694867540317786,0.013962331367835182,0.018883778154315804,0.01859392900448353,0.01251177451711121,0.016011896131181667,0.01658864088878093,0.013723982025110855,0.010478474823990402,0.01277385398617645,0.008716693283795497,0.00873502660270309,0.009118839775542377,0.008054122424054356,0.008677600984643593,0.00452051737374812,0.00496597121229234,0.008462497839342133,0.01404374596199086,0.03781317273583113,0.008010745637464027,0.007410215277194292,0.010352234947941378,0.006125718964002835
Mualani,,,,,,,,,,,,,,,,,,,,,,,,,,,,,,,,,,,,,0.05415249950527889,0.01978609822923628,0.02263338617656666,0.01225774722860086,0.015449990837146512,0.00957077366139562,0.00901416019519589,0.00731622585998484,0.013480225465310115,0.012307880748637446,0.01872635746155227,0.03421681142965462,0.011946623307465392,0.005460620901523311,0.01306739855773396
Nahida,,,0.12550883013741843,0.20420231486543097,0.23045673995236896,0.17890379407600163,0.1523720441010127,0.15953443459664537,0.20878947890272562,0.23334788279283422,0.17630645686059168,0.14039455299417766,0.21552943115961481,0.2878166788795741,0.45991517480992905,0.47212739948182175,0.4735768517318351,0.3658985229064732,0.4072992176521413,0.268165271371249,0.2479895852026414,0.4158279082392328,0.4654397865311583,0.2527901331602917,0.24827045444438617,0.363002332414014,0.32709633371343355,0.3620726445439368,0.40605267312331006,0.27498666041082975,0.266010911594986,0.19772835908954284,0.1964736898515214,0.1618884552097275,0.15560174412749705,0.12422547215620461,0.16970369800880475,0.06912010570700257,0.09071639967109137,0.06125037945447543,0.04173402254086826,0.03263766633576913,0.05214610675589313,0.03357882866950531,0.06343986358429828,0.011223374337668969,0.009085785127109676,0.010498652789917998,0.02584517511608235,0.5154569161961017,0.061713372599110285
Navia,,,,,,,,,,,,,,,,,,,,,,,,,,0.10949037386703973,0.12391816697090294,0.031811824573888224,0.026981391362462904,0.0953088108104406,0.10046035853311823,0.02812960248388515,0.02753106107941753,0.007262986849138027,0.013058710576113826,0.15438726367688677,0.04800791132055672,0.11617759494897713,0.03783611041021731,0.04223547595927188,0.009876238707911985,0.008660240568066037,0.009357530880347876,0.057386380923942305,0.0120883630018125,0.013926502129992642,0.01136043512638763,0.010113842264095868,0.006391026058850255,0.0028535744545451036,0.009466244191132442
Nefer,,,,,,,,,,,,,,,,,,,,,,,,,,,,,,,,,,,,,,,,,,,,,,,,,,,0.03229699500529382
Neuvillette,,,,,,,,,,,,,,,,,,,,,,0.11286157448937137,0.17600239506765297,0.3622852099487068,0.36386745923026753,0.22573997278253813,0.2175205648651064,0.24919883849935848,0.20344349245611398,0.2967504384077186,0.3119362991464692,0.30316678193088775,0.31188665516686526,0.48297207303152245,0.475526079053758,0.4096040901872531,0.32974961669834957,0.44397767913823033,0.45725010516378256,0.4919173607452476,0.18841326870242509,0.3905995695858077,0.48302666219921764,0.31330319533898326,0.4346606352514706,0.17834526718628094,0.10070353679752682,0.23339179477131347,0.35334523549455843,0.19175295516457969,0.06852457134633773
Nilou,,0.019241741185939992,0.03797602080658065,0.060083352647243765,0.06218017639691765,0.04056305649916674,0.026059103821320845,0.018702620650950248,0.03152276541764518,0.031056003303961324,0.014984810311311467,0.008934404924286453,0.05725197789516527,0.09922991763422773,0.028721753998185696,0.01703966015155305,0.014564358030841107,0.10486716964698613,0.09237935569890336,0.034797747836175154,0.024413816769333713,0.05144810434259402,0.042140674432147474,0.028722929280402515,0.019729593257673123,0.021497354712127898,0.02445187912582296,0.024220900471408627,0.022663971869256394,0.02113081638131305,0.019921764648887584,0.010405198302843232,0.011815440712875503,0.011832836911989088,0.011050833883092824,0.011400880320000382,0.007186032023072167,0.004495577564949708,0.004411117147538391,0.002573667555531317,0.0011787026943792518,0.008492769570760807,0.0035481955547739326,0.002116995411414887,0.003185805183030071,0.002565377671916076,0.0023565822979975497,0.0015327410410356623,0.008912755323540841,0.12496968569809236,0.008023461996749357
Ningguang,0.004028791384355967,0.0029244675726190186,0.0029169771899857162,0.006890221268319037,0.0061597451709290915,0.03379835672831336,0.023558116217331032,0.021781297625565077,0.0013806701464029502,0.0006985358791033531,0.0008916831045853544,0.0008721192269212058,0.00035347020404964354,0.00033467563412167725,0.00029973960398551317,0.00016486640834920317,0.0001720938198791234,0.0002086445623489241,0.00019472593604291633,0.00026904317992642993,0.0006341961796117254,0.00039249701673686906,0.0005665160439494928,0.0006856320042053486,0.0009947618513151848,0.007076067301373372,0.008427302444043177,0.001801012397986678,0.0018726713437461529,0.004573100113858137,0.005832481652312403,0.001566591395500281,0.00163340082065659,0.000549347465020078,0.0010544402090128262,0.011847377678505756,0.0035127011742923666,0.0037294288686199237,0.0016657403316716387,0.02154498520515043,0.00035069982944788386,0.0004073408555474197,0.0003170735212047514,0.00041160752524583416,0.0003121550087968361,0.00020373246456853962,0.0003124487354488865,0.00015625747236577305,0.0003540089998310457,7.376622706478498e-05,0.00013041105475269414
Noelle,0.0015255388401813458,0.0016209137378913696,0.0020838014539461343,0.0019994228701384217,0.0018897177115418289,0.004266883337276207,0.0025508553513298652,0.002902440302905209,0.0013651898776000616,0.001625539610380869,0.0008303058408882127,0.0010718870104952417,0.0006950752226487832,0.0010064896655759478,0.000526130787077916,0.00042190600853065014,0.00026965864610354684,0.0005053641709897659,0.0005022935635081617,0.0004534193116259802,0.0005506404974077252,0.0006409720066295851,0.0011690744968057818,0.0022477250843795167,0.003250529918918744,0.005236000262965778,0.00552691605947625,0.003206954343364065,0.0035393278410626875,0.008657415142967653,0.011371814774568919,0.0022253106638929995,0.0035371975330368254,0.0021047004902420893,0.0023850179673917246,0.012217794852273605,0.003000039211156531,0.017316254466983337,0.0047738085176682946,0.009079069828954086,0.0009374196891479222,0.0018016054498482543,0.0015606271364303568,0.0013338772011718292,0.001520623400667989,0.0009784585976106198,0.0006948090093503972,0.0008300022457514324,0.0011925838165689694,0.0007051597908567882,0.0008578690646877512
Ororon,,,,,,,,,,,,,,,,,,,,,,,,,,,,,,,,,,,,,,,,0.05084906989140893,0.10001179289354109,0.02767795061502609,0.03537179041833316,0.021833216161767283,0.04564704861292188,0.028866160072838633,0.019982459884798808,0.08728847103730732,0.1239559060321972,0.015097380383750202,0.005389683121192109
Qiqi,0.004855532372410577,0.0033745404495331643,0.004280322658855879,0.003134360527448473,0.0031277121584249476,0.002846968784210367,0.0036354082117445352,0.0032567002163005833,0.0017022992686073484,0.0018976102240403675,0.001156088453493744,0.000882502762751631,0.0010975270028593565,0.0014127563060596325,0.0007131971910479638,0.0003828206804830172,0.00038418153701308443,0.0013960965211440416,0.002096561108773382,0.0009749790082037304,0.0010196871194464547,0.002259425076907566,0.0023102397038772663,0.003438505965309,0.00436469886117256,0.0020139307364298864,0.0023308458551494393,0.0018978576116017681,0.0017700921997454338,0.0026427419430425734,0.0037791815741588593,0.0017176349507802959,0.001872913995140869,0.0038286480555615897,0.002969063599030663,0.0032785113693452822,0.0018925520243518192,0.0016462518915623381,0.0016045992515617037,0.0005852797116065886,0.002431894400642857,0.0024953377291896273,0.0016612802079193285,0.0008719187657256339,0.0014036938886575463,0.0013061738023580846,0.0022956234188171993,0.000258473462919092,0.0006799750436374789,0.0003042626460367834,0.00024039273821094636
Raiden Shogun,0.41602640416822745,0.42863661189460084,0.40693251242773687,0.22117171175962877,0.21900850897976734,0.3360201875468737,0.41261230701632234,0.4306294691450422,0.41785048504354017,0.3827044382991703,0.4200141494493809,0.4347046814850164,0.4346363847432032,0.4123969817926045,0.19130585044384799,0.1602390056082761,0.15446821403945646,0.28211777355216816,0.241096783754046,0.31975620580398767,0.29552392173846126,0.1594323088409837,0.09984019271738725,0.1886482672763837,0.15735417050933065,0.15691935331860418,0.21628100812115594,0.19133869104994833,0.17638320517177727,0.17296494918927718,0.16431617838744667,0.15169415563553737,0.13623548628692542,0.08919044480214822,0.09759048617275548,0.12252337320642662,0.14736633710853522,0.0745425069340325,0.06917259295835342,0.02634741767383546,0.03339696785953915,0.037207409816157576,0.04322222842861879,0.030359377447018044,0.01807654802063924,0.02800535661910444,0.01950858746827872,0.08736719397457693,0.1480903206731736,0.027759446879410638,0.012829637649463274
Razor,0.0011626985336128828,0.0006860790229879183,0.0009784096681905597,0.00040500032777365715,0.0003371768452953807,0.000245914928919309,0.00023054290551232284,0.000379237806971192,0.00025688398967472803,0.0004852360827127397,0.0003284213618190254,0.0003057528504360138,0.00023237712622928394,0.00019888027035025067,0.0014810892880943814,0.000696350515292752,0.0006562433872706211,0.00013507579495732958,0.00020442666985068456,0.0001933797959438601,0.0002812004492548456,0.0002070254344432182,0.00016060948791176403,0.0002751476041881023,0.0003682272171651903,0.000344199753614971,0.0006385350691078928,0.000255714294218885,0.00033640351453261696,0.0004511347893080684,0.0004409298029559807,0.00023150795098230437,0.00024993303789578073,0.00018397456171254095,0.00012391337725758928,0.00024246659346055784,0.00016698766479398883,0.0002043016378788931,0.00028199754092854873,8.668871200351816e-05,3.0288869017664268e-05,0.0001017689890398662,0.00012812461651497896,0.00017292910215152717,0.0001585524884307239,8.021721987557044e-05,0.0001082317451996199,0.00010675894656581925,0.00016208623144366925,0.00011720460280425142,7.07614970444354e-05
Rosaria,0.03857495419363863,0.027821904869969247,0.026880835782523576,0.009033031365378386,0.007117153800383191,0.011712050496770474,0.011251861494095036,0.008995354177103659,0.007674792534758305,0.005722630093005563,0.005824922897008858,0.004273760604892669,0.002472549879457362,0.0021249292240908897,0.0032507340139342903,0.0030161914991993725,0.0027477224882881215,0.008428107984273191,0.011477187422733329,0.004586069401898586,0.00411709335564159,0.0048257921484873385,0.0040941808409512585,0.0022866063270429626,0.002825164243781662,0.0019170679151454693,0.0021111917809428613,0.003761304176562945,0.00303494578940201,0.002202999397962026,0.002291417287133273,0.0013786754360805259,0.0021237717999284533,0.0020677271435213624,0.0023581428281316645,0.0028443887059929193,0.0018128456710517489,0.0015904690055573412,0.001457239128259866,0.000533055652427491,0.011744911941989459,0.010801163020555069,0.005617096196873876,0.007614393108114696,0.0055203933991025385,0.02241902196934106,0.02660494545750061,0.00552971113508553,0.003332365964618027,0.0004096692769275014,0.0026700185458682904
Sangonomiya Kokomi,0.12650034271170857,0.0962189925422605,0.11323898268215482,0.13519033889990845,0.13163619743263133,0.1257194165409178,0.09740009759158144,0.08463066055250133,0.07929570708644995,0.07584812988928383,0.05399826595617338,0.04642515439606087,0.0706092798412824,0.07081402993675573,0.04788729301946193,0.037471197112831534,0.0317651184883124,0.11522911595337376,0.16824618017099055,0.13186627997200445,0.10379170128998357,0.13698660104782717,0.11884428307917942,0.17496445369884078,0.18016763076629122,0.07191434670028206,0.06556658928277656,0.09352302246101882,0.07172550920193174,0.09696568755896194,0.09999027309354036,0.02725622008715673,0.030809611202097645,0.09344809757419781,0.08654144086464285,0.04101645267151958,0.023637215434173787,0.024644456776508034,0.021098821512604456,0.01327227709035091,0.004185938796277496,0.01694333477564694,0.024606803535505258,0.006822008821616792,0.010246345194097638,0.010265649609969249,0.014015413456240241,0.0034128996420391506,0.013490820653950122,0.09927799853745263,0.008405750661575175
Sayu,0.00041253794707574794,0.000551632487433149,0.0006057606540136391,0.0004777524053962011,0.0003372370635359753,0.0004216320429788627,0.0006609059284358667,0.0006288848143016607,0.00025429346488681605,0.00036768829732408416,0.0004312319910388084,0.0002527562492145209,0.0004276228145585211,0.00044436936982851765,0.0002963636375653271,0.0001443800840523586,0.00018657658183354351,0.0003660008874143328,0.00021157350169477093,0.0001630136490348339,0.00020549507301082607,0.00023516824975462034,0.00046668819516422326,0.001608529688183407,0.001663594735010464,0.0009789165454567208,0.0011671350258878252,0.0010684890386580854,0.0009654045120194601,0.0011603430005809466,0.001085632753121834,0.00047787140135627845,0.0007525207437122623,0.0006675676531767387,0.0008570988043195481,0.0005923008563448584,0.00046678043752515714,0.0005505225642860631,0.0004924139460707028,0.000273006451901506,0.00018266081568702158,0.0005993985033462256,0.0004811892293068629,0.00019632851593708603,0.00018303327655119664,7.470783444794157e-05,0.00010020314869849096,0.0002530090483739392,0.000557614313038697,0.0001260092834139117,0.00020806628302532022
Sethos,,,,,,,,,,,,,,,,,,,,,,,,,,,,,,,,,,0.0006734909691932375,0.0002407002701161937,7.543883485169383e-05,8.622564159624634e-05,7.484226496957707e-05,0.0005072293481085339,6.35309975276185e-05,6.268044377123734e-05,0.00010571943904677021,0.00021968255159636482,9.822982663891408e-06,3.6032235715032925e-05,,6.190374636589794e-05,0.0001867656119257049,0.00026555842141304784,0.0002345788735654095,4.655445527149363e-05
Shenhe,0.045753545134079185,0.03318825004134758,0.035043202796548455,0.014400533923893401,0.011349705144000532,0.01797244259252247,0.013022568105525259,0.010932376796057049,0.010266195128130293,0.007583293371516513,0.01035435542870757,0.02977425393157389,0.022310503681723638,0.012562453536238406,0.029039804893616485,0.027799404611795118,0.024848374978153488,0.04977362932278473,0.06986290345490748,0.035749125498777984,0.026424496325122022,0.03509312617060097,0.026152395488318624,0.013151282416317446,0.015455149019108798,0.009254659851598542,0.007443617526192093,0.02894815972644027,0.019019889638035217,0.009566515557742426,0.010689105018217184,0.006221691251420723,0.007298033867894632,0.012099297839733526,0.008363070032804391,0.011361629131768207,0.006729659968809515,0.012429353330182653,0.009626258750326784,0.008002282286794662,0.010378892150965052,0.02365746571072498,0.008284667934252728,0.01745952022602285,0.06252305840009331,0.0935971614763453,0.1088792882993479,0.007550154843939317,0.010455288336758664,0.017510127732079463,0.004468934977865068
Shikanoin Heizou,0.0024631213601620117,0.001719395307877925,0.0033544526028389493,0.0019820962975037304,0.0016198138856339463,0.0011800471333827179,0.001334332182909791,0.0012051006136804328,0.0004742884545918621,0.0003628257829620929,0.0004585606246380028,0.0008231464365072651,0.0002855028485735764,0.00033743974557300154,0.00016748577629822808,0.00025263919617113167,0.0003094740425870276,0.00028435126968023546,0.0005086277909040417,0.0003471044492076977,0.0008404422534940372,0.0002709779961559282,0.0005535119453361597,0.004118219440615628,0.0047238249208889456,0.0028321765683115034,0.002416588235726549,0.0027214481909547494,0.0024007984911527946,0.001078338718263839,0.0020280968114290174,0.0018136239482564106,0.0016771042979398566,0.002188434475369978,0.002279366938862189,0.0014774860520577159,0.0012297405330833624,0.0013654620989707394,0.0014124502969616792,0.0016919422447845259,0.0003815692270927064,0.0019829900915965698,0.0017436528506501864,0.00082583557226869,0.0011647642522487353,0.00014771629767316543,8.297701816130707e-05,0.000353658774019159,0.0005850338376432994,0.0001436253044438342,4.7321257002933566e-05
Sigewinne,,,,,,,,,,,,,,,,,,,,,,,,,,,,,,,,,,,0.03097923287910129,0.012019798977769005,0.008838774853523466,0.010185236346744668,0.009795420960963712,0.007958421178881762,0.0031935868943130234,0.008295005649314005,0.010581972626749194,0.004656670697577109,0.007911889194097231,0.005846698837860494,0.010280155548982721,0.003500915497915223,0.007793858217652789,0.0060013679476904214,0.002405243341061694
Skirk,,,,,,,,,,,,,,,,,,,,,,,,,,,,,,,,,,,,,,,,,,,,,,,0.33341471845603543,0.04525782966692026,0.044055857910823275,0.08272616874001149,0.022350702934366976
Sucrose,0.02318708031342587,0.016372412067628055,0.01835777944008481,0.01234636923888862,0.010246103016970608,0.007904808986946323,0.011586665169770444,0.015035207717095544,0.010276057456451873,0.008099432426443868,0.008240261926914426,0.014262137625723915,0.0063583611105834095,0.006772321397219533,0.004104384558502942,0.0018551010476327197,0.0014455238713555988,0.0021284871156920094,0.0026178855734504004,0.0025126557764882217,0.002897180720481216,0.0023608246423225277,0.0031438977920197684,0.004077709939006439,0.004447906557138535,0.0030666027299475346,0.003347206714560554,0.00420313830598876,0.003914747693417294,0.005704453298266375,0.007398126446175816,0.004948150596649875,0.007724532397913215,0.006330019008456994,0.011962972534743942,0.009258771794658761,0.005618496558596963,0.0038435090835903154,0.0038921569380351907,0.003159644062286681,0.007972676742104981,0.009868816300831527,0.010708001239476406,0.007677086691830069,0.00728673560430141,0.003764405170943639,0.0037659614672067203,0.014120191596413458,0.01036395909308274,0.0386101430786803,0.014729706944333683
Tartaglia,0.06827994749011601,0.07307635459955729,0.07620797944241883,0.13902627946583213,0.18221436198686425,0.1326061325926372,0.1109215019401501,0.09678494689616841,0.13984568662496863,0.13282700918710233,0.0917279514501464,0.07802162438579144,0.08204516736344232,0.06060770683710332,0.05239188268869588,0.057911973305528164,0.058722602807005315,0.13673130387262214,0.11708441922270364,0.1105936099912335,0.1456437567291446,0.10282155006934261,0.07493310321257156,0.05327004896658896,0.05078466500175772,0.03400331420069513,0.03509866276861854,0.052303560114550764,0.044115949354647736,0.06001245225505977,0.05759829985019639,0.07523723073103812,0.06267092720493812,0.04159511746166981,0.03140501840481285,0.034594027053557255,0.05589005292267564,0.023683817894437492,0.024143725755868505,0.014915174102772322,0.008442269192941054,0.0243048212383041,0.011396746321967946,0.006076632874477751,0.009139228655027982,0.0065203200058903225,0.006634411834160071,0.006215789497384115,0.0068729944965773854,0.002022538858242535,0.00457140141305518
Thoma,0.0018451487552385794,0.0008715830055638169,0.0018489353515738,0.002391789364632614,0.002132600610240404,0.002307653228632886,0.0028933994129896183,0.0024976519215780773,0.0021939251017991,0.003712386935666043,0.0036281746718795226,0.003173889955315879,0.002691776519142077,0.0030144981150312996,0.009809765313543939,0.006399652252789939,0.006301363747558062,0.002257429286666999,0.0029270054153991303,0.003790705918531523,0.0032579367386002074,0.003044102030789012,0.0029960803285489783,0.0018479165886080308,0.0013948105177034426,0.0048534076756388414,0.004526446900122489,0.0030640992211596967,0.0033123615065524786,0.002811079546083822,0.003747015099201015,0.005915794278287311,0.00722858550150312,0.0019956118591438338,0.001983263560838418,0.0043265754914936765,0.008220581338412757,0.01153410872933334,0.009014227673343861,0.004746620321035085,0.01388805244878135,0.004808683385965342,0.0019179931790857124,0.006272103997674556,0.011857599485809799,0.005491987310079948,0.004254726706891417,0.0026123662728121328,0.0020371674556345656,0.0014590411059329765,0.0035139102082434484
Tighnari,0.013227271611399251,0.012978059741670616,0.013881843496943025,0.018692120868096657,0.027240978664098296,0.01542046537936851,0.011178783122021363,0.010732655439419106,0.027703371554634277,0.026045700647137012,0.024062023176006024,0.017873883069663084,0.027066932547760228,0.02759271503961778,0.01557162534323547,0.008593539749702206,0.006546467096186555,0.03160268210617627,0.031881341901562,0.013120717323855582,0.012417570176637327,0.04942849532735243,0.06359416704864253,0.038049426924024264,0.04155409187375376,0.04962084079799776,0.04214328772146209,0.12722286433193244,0.14087866973209376,0.06143930469863894,0.059174462677394984,0.012663732061147227,0.013625741240021914,0.016805514619349864,0.012287537057854682,0.014522310824806981,0.02832855912535907,0.010785799912344783,0.02773264090238472,0.008563260612346845,0.0025885216161902736,0.002318263108074787,0.0036226904463332378,0.004531539077950149,0.0026978080504783813,0.0006114350012491667,0.0002228446676632739,0.0003214866176898078,0.0005899153003351295,0.009961323889031285,0.002303232114806105
Varesa,,,,,,,,,,,,,,,,,,,,,,,,,,,,,,,,,,,,,,,,,,,,0.01607005162747612,0.017203845744639464,0.01079214162607099,0.01259911370072654,0.020401748332071444,0.028207550922251124,0.008524171209115744,0.006554857662009505
Venti,0.044773444470267786,0.042580492533868815,0.046040041259177863,0.0657808245108969,0.06561262882092586,0.011791112615861543,0.009778920789552278,0.011121837368048124,0.013949718160048408,0.012465892846292246,0.005490031996318637,0.0038724554201176307,0.007488921829486068,0.00809733821521531,0.013249020068695138,0.006122261724064589,0.003601996007817537,0.007850442877236106,0.007726891644160318,0.006880682152927649,0.009377983344911998,0.0056273545582200355,0.006603805528944384,0.01928188317694207,0.024792896868198425,0.005116073194428171,0.005117184912180189,0.009584558280431543,0.007082310153268244,0.011230042038846949,0.013776485083803703,0.0077874242706406915,0.00970435661221988,0.01364394909925113,0.01547979289301853,0.008304196249155434,0.005716464281265927,0.004069497676564937,0.003978452790821075,0.0022563060504213026,0.002015477071831438,0.011208516900715372,0.004804907758764154,0.002260144110363414,0.004062973030613337,0.0015690538963363048,0.001828194575503973,0.002265107713734488,0.0015638123611369963,0.0008901281738572095,0.0013529189442786397
Wanderer,,,,,,0.042756923679506516,0.04996899572839891,0.03883767351395514,0.021614317271212297,0.021962769478435604,0.014907484136884315,0.015547658774360646,0.013485040509236842,0.015880535814754352,0.012081323930124689,0.009611230299458243,0.010090502033658412,0.013002900362479738,0.033367153746156744,0.03357799631977552,0.03462444980852445,0.03117480661422559,0.025507968904873928,0.010839719115944722,0.012218416952937357,0.02815967852757921,0.029448690203119722,0.021797298734671695,0.023042146812649798,0.02271632998307288,0.026586582828635016,0.009246664591118909,0.02269709826183486,0.011269946262330294,0.014541208618259225,0.016886661339848348,0.02018801604243985,0.011950374834125104,0.010449268853167363,0.007218023818365456,0.004872416960625073,0.007701993230277997,0.005392448107850327,0.006309636859126432,0.004189087991555675,0.0038894716382876595,0.00421496665154253,0.003636267727241921,0.006261439291016621,0.003390637060951867,0.005822579766220645
Wriothesley,,,,,,,,,,,,,,,,,,,,,,,,0.013392917623075875,0.016730888264514875,0.015128979689049178,0.01764348937701035,0.010669311087750032,0.010770328132770837,0.011651520688001222,0.017538536609648252,0.008803013282333638,0.012876351748097854,0.0071854125700808605,0.009622998837072775,0.011451382123515716,0.012325168952365174,0.009556773698140866,0.009511710991497314,0.005284763858684608,0.009625188363346719,0.015217313114507351,0.013307512122067919,0.016633883459995842,0.02491800655974937,0.039884867763398474,0.021578847503695164,0.00930333191259001,0.007443139850765458,0.012500717360970902,0.008453164492270128
Xiangling,0.4352951920801539,0.45498002988774744,0.43757926037362416,0.3343100562695829,0.34735950144929945,0.41407008362518183,0.4116629045761429,0.4277693118963544,0.4255847577453773,0.3836960594595147,0.4571292977187891,0.4809388977694531,0.4186178151506959,0.3866700040225292,0.3978031622544292,0.41252971594781923,0.41622697880036824,0.2993468830612422,0.254882511515323,0.3862187440989084,0.40818605766118204,0.2102558660102159,0.1112972153419354,0.11434039385688996,0.10057848335504566,0.22624056155140118,0.280937781016859,0.15221176508780684,0.1355419427154706,0.19135695421347854,0.18549948483239534,0.31185107383820965,0.2831881236397043,0.07059709638425424,0.08319505400439223,0.2243944226480833,0.32191780880410925,0.12983389574809162,0.09872766196614137,0.027691322688540628,0.0925733270911437,0.06849207904314143,0.032972486266021374,0.12810707758702558,0.0736034955028186,0.09055298023044073,0.07574785540721889,0.025296160538410044,0.019352058800688115,0.0018412412988568203,0.03524610782714969
Xianyun,,,,,,,,,,,,,,,,,,,,,,,,,,,,0.03328873840740048,0.11018377179903807,0.07831262277037267,0.074354158096731,0.0336079129625065,0.034974954298626,0.02695230198537659,0.03480084716174684,0.04417000985501845,0.031180232097966082,0.02846215819736979,0.027665555304684886,0.013258116157771572,0.00582870572351083,0.018603059227987412,0.015881970762010283,0.012910110284807666,0.012088313075270675,0.00623017599314577,0.004883674741348155,0.007922622775144664,0.017958299858623114,0.006064474551143806,0.005312933415887551
Xiao,0.022010187589087772,0.023404317690542555,0.024489526532660448,0.016028146311749775,0.015573098007825347,0.027443845720736344,0.025007172638040517,0.02582446236231537,0.02286535639876519,0.01711869548482763,0.009494996349505331,0.012480391081286844,0.007487851343457498,0.007972738897140747,0.0035831927795829622,0.003761304791186423,0.003963127981586581,0.005249493461938637,0.009847558951480729,0.006007816172916677,0.006922088041566774,0.004369450273133853,0.0038620228703326142,0.003647639383545364,0.0058708467978433095,0.00890926548871672,0.00918665549550918,0.02039592941082495,0.0572837504480582,0.038187664542534076,0.03668250714953224,0.009256488978422026,0.012185536687872416,0.005628670021757588,0.01530058250858155,0.023844171614344736,0.015462350433038513,0.01658136233400568,0.018933691822155426,0.006849479567993791,0.0020469351035525894,0.012538203712549819,0.008852342256781338,0.005304411314498692,0.005998955581300306,0.0019877680335738967,0.00203900105401704,0.002105783994011011,0.0030688327444045992,0.003003166485033464,0.0013443300464694885
Xilonen,,,,,,,,,,,,,,,,,,,,,,,,,,,,,,,,,,,,,,0.3806860459392353,0.4284263346258301,0.4405545417364066,0.4325595311118893,0.377909511857926,0.28800925239108,0.4524467956933511,0.4213811182395023,0.4439916053710285,0.3851454335253943,0.4609229820802682,0.4414146304580533,0.13371985915928045,0.4725830335253151
Xingqiu,0.338675756290322,0.3492941171135389,0.3387039266535307,0.346340962228896,0.3243160164680131,0.3129708585860393,0.31139782290337265,0.33889795864203154,0.337833393475852,0.3389006215363601,0.35986785753889666,0.36999534830340824,0.23639425777611375,0.2740833748796383,0.4059037930681059,0.43124660086799915,0.4400165262665475,0.3531399228879121,0.38550570450829735,0.3214376088443448,0.3047050021862728,0.410170193383766,0.43486019761408423,0.2527932982211205,0.24671737975336058,0.35828580159464224,0.3430530548823374,0.29847232373539667,0.326485524446649,0.2694769072395409,0.25394936515175576,0.24630162673363473,0.23262389637778627,0.1298290763977049,0.13940244848607788,0.10289438429384892,0.19474926544809734,0.060274740391857894,0.06519118460159802,0.05859596970693414,0.051359447474054035,0.040068285072667485,0.0401223361010847,0.018647098629861594,0.029661255785134535,0.030002325544310704,0.056555732348755966,0.030320876791866378,0.03374072849066883,0.393625624004274,0.02978698561475461
Xinyan,6.639893893801152e-06,0.00023083649856639826,7.074266979207846e-05,0.0001528057016114374,0.00015300494064343897,8.224388209282845e-05,5.2223937294535054e-05,0.00011251709531746449,2.53347465181829e-05,0.00011953382799658484,8.361720956121606e-05,3.802683389554207e-05,2.3651977297814464e-05,0.00013816280829657477,7.728876266893156e-05,2.8999871508797262e-05,2.098223746561746e-05,2.114873550110368e-05,,8.089558368523056e-05,0.0001164376879773956,2.0404898763506357e-05,0.0001150932619514928,2.9772330315203625e-05,0.00012249074407586885,2.4594343217427957e-05,0.00010388441407260399,7.084056019800557e-05,7.53113159522136e-05,3.746260933944267e-05,0.00016478880097510698,0.00016072416374634908,0.00013561037004909037,4.224989615486593e-06,0.00015065521682254904,0.00010836680129587465,0.00018580607864818684,0.00010245506975120993,0.0001495107274774767,6.014031558200189e-05,9.849070279187202e-05,0.00012943470655348732,0.0001041998555291092,0.0001293484696492248,4.985173895499913e-05,5.2034760801236196e-05,0.00011568128989907216,5.3792970509543074e-05,0.00010989586820194266,2.438684739008397e-05,1.876804908933099e-05
Yae Miko,0.041684249572165384,0.040093771525275435,0.04853330534533363,0.02942363350035211,0.04146470839826217,0.05323948995622904,0.03916958893989927,0.03635763653725569,0.05704327587304061,0.060000727372855486,0.04815747625194623,0.03064628880034498,0.03639825856918388,0.03480635003090076,0.04213299170582313,0.03387721133542384,0.03452816057207719,0.08392833666564296,0.07892385721927461,0.0402129268327146,0.0340951418030839,0.08011874090323619,0.09590081874405944,0.07307296983817096,0.06857127698907187,0.06778078921896456,0.05848485488367353,0.12550969969221643,0.1306098766911236,0.08742832534750672,0.08442281793823088,0.025091804020800655,0.02700793665893799,0.03820203607492002,0.030183665405066954,0.027671521779158603,0.03314494162355905,0.01751794095903836,0.024841157417514047,0.009400795345458395,0.0033472942444942966,0.005493425365074083,0.008091647586498952,0.006233327400784949,0.0023343844759456584,0.00273086128607848,0.002014517560852689,0.010859595263137675,0.015203650455812755,0.005915685824793828,0.002091400334178056
Yanfei,0.0050723762637663065,0.0036719934285834844,0.004151126408839215,0.010267357096812072,0.008934040307155482,0.003106485895826495,0.002926014696431637,0.0025510298934976337,0.0014462149381603685,0.0012648921498746644,0.0017054592559899201,0.0016608012985863797,0.0005009545442738239,0.0009049252961339638,0.019304860690280957,0.01185850882774623,0.010261167193178301,0.0006631284993787429,0.0008279153873285498,0.002494253239583256,0.0027306697691806886,0.0017510617586573877,0.001603514174038966,0.0006586704382756966,0.0008494682739339609,0.00201621149246864,0.0018295722315467844,0.0012816847712868536,0.0016010395191888931,0.0012263015883730488,0.001405258016965539,0.004215273375482319,0.00516178621414462,0.0008116565600786831,0.0010087682867457079,0.0014980083867967022,0.004420129800271017,0.001152874601360888,0.0014690507734933826,0.0008151769379814792,0.002632679770714335,0.0016351337144515426,0.0009206111614318435,0.0016625044580181984,0.0010443510123037717,0.0016094307265462683,0.0009542420175637441,0.000631515025300137,0.000495116286923299,0.0002922393960157832,0.0010071265701073096
Yaoyao,,,,,,,,0.0023118139547774314,0.015227212110875547,0.01903182180180276,0.012095612853540867,0.010507286599877659,0.02346208087819495,0.03190291616024379,0.00865371297666458,0.007259801438220073,0.007923226002767092,0.036958829852115044,0.03158891932546914,0.010042418953290543,0.009310877500257895,0.021551259154336828,0.02315461812461634,0.01687127993273707,0.013506981856034536,0.02332051666408575,0.024193321910654174,0.012938017003523062,0.010391811472600354,0.01143605774282107,0.013714515206028106,0.008724125262981594,0.009862389307779851,0.010515674747195863,0.012674950583517395,0.011598503645055798,0.009836207353943895,0.004809699078335218,0.0049527614663151575,0.001581353217096826,0.002432003959950486,0.005045018503862689,0.004725831746239949,0.002010252300224712,0.004375395370008404,0.0007472111802257355,0.0009249736647531595,0.0009448759207577208,0.002051147039382276,0.0188691353695173,0.0028751289675517456
Yelan,0.211057257397361,0.19553690858806505,0.18729336882440792,0.2888249857325301,0.27406539585272405,0.20726958289011813,0.16368741682702595,0.1451320405587871,0.1387504324835571,0.2755383476785871,0.28416828913080694,0.2727450746776658,0.40373091273769246,0.42215380513970285,0.2500713095052205,0.21174722703035406,0.19891354262469224,0.31219624880151436,0.2920112239501699,0.32590567206992177,0.2993728879796109,0.3125049564516884,0.2646704969074043,0.2968275909674605,0.2846240366500411,0.2304774238094592,0.2222326206355579,0.3329390449247101,0.34162835291480176,0.27825693478408553,0.26541825057026375,0.23961825867538136,0.23006841707314812,0.16238570023246648,0.16284818218726035,0.1437623896309198,0.22434460498249742,0.1308637630118806,0.1397812350003076,0.10593859023007043,0.09274893984713607,0.09125932157765679,0.08568891609795354,0.047957200477797335,0.0772159089791342,0.1124036853607282,0.19787493928659666,0.0686613847728034,0.08272956618718237,0.16907524882057104,0.06682181036542378
Yoimiya,0.04853814979495526,0.03976873561226887,0.04903732204800237,0.18121047730465292,0.15450183849436727,0.07357546922203148,0.04993491965187576,0.0505034980548936,0.01584181802016668,0.02227995067190861,0.02873441803387136,0.020943454782168688,0.012880424831708419,0.012066798671786005,0.03198508420075678,0.015452592797673893,0.013898709025948417,0.010249151923585624,0.009219163551009168,0.018681668668466357,0.019346216695373515,0.029335680190101035,0.020585892796429556,0.012148937279129328,0.010158649572688534,0.028911841165153232,0.03070457835568257,0.029768389385738347,0.023230538973483626,0.021356100005583915,0.02316079512280268,0.00919016711256391,0.008646563858569205,0.0036514201375896344,0.005852322750731518,0.00847458633757023,0.013043533466126484,0.005990022210693994,0.006347362871049375,0.004107348613128476,0.008639022894348305,0.006781196270907016,0.002811338761716528,0.00480235175237608,0.0028008326274919244,0.0055267901381397455,0.005318374443657886,0.004726528694983974,0.003684741853019429,0.0022630643795602183,0.013335321383958057
Yumemizuki Mizuki,,,,,,,,,,,,,,,,,,,,,,,,,,,,,,,,,,,,,,,,,,0.002479385165548907,0.000844946846911583,0.00039219564006458637,0.0004235583440327666,0.00018372144592777813,0.00028315818858738555,0.0012307459156966885,0.0027940768992584827,0.0005285710769081163,8.097805590546173e-05
Yun Jin,0.020697732769448116,0.015606234354261858,0.01699624699527194,0.05922345391273596,0.045461297013454596,0.04368073012439427,0.03536976178909358,0.034523514282673806,0.008388208599201127,0.009603204504226139,0.006855314307463948,0.004893598536307249,0.004898553849233032,0.004254291019865851,0.0030877875319992748,0.0020340258891139353,0.0018167012327332498,0.0038273761407225035,0.0030940396028863474,0.004170007060390602,0.003681551638017602,0.006857196184853966,0.0037744093899339092,0.003004380036532305,0.0028452810577385386,0.010906295303946574,0.010719221690592116,0.007042024335262681,0.006149390911647088,0.008373069375503746,0.008747482769959767,0.0034215161330126945,0.0028358519613173824,0.0016496718970141111,0.0019222261463125122,0.006166415596579281,0.004450256144708332,0.003514435602445392,0.002419006436600291,0.004464240184619985,0.0011080273869383838,0.0012765617295263743,0.0006909808550317662,0.0010882278831206415,0.0004937186743627297,0.00034797105191965367,0.00022915639930968585,0.00013938203180996776,0.0002586296958713767,0.0001614164875221851,0.0005143061153882197
Zhongli,0.20963041465130447,0.19311989040259286,0.21840920152855617,0.36651046456554365,0.3474289089347579,0.32645659494276874,0.2643440508530342,0.24944630979717322,0.2090182912421209,0.26618947307153046,0.18571903810136775,0.15622233274274716,0.1862774974774058,0.18244145683722576,0.20025521220442297,0.155688246029477,0.14162252293667568,0.16638194181519164,0.15326166542223787,0.1630775605698513,0.18374099923667683,0.2634463345189156,0.27182102302194155,0.28659821310566835,0.27602575268688234,0.35708384199168036,0.35911059786527777,0.3308774555300358,0.31622869965570166,0.3543782740959965,0.34812589213007306,0.27551249830114094,0.28768065890950967,0.21731133315441845,0.20412498202325732,0.2835423997115231,0.23991136867978774,0.23225809641739376,0.13272999468451938,0.20563855854249286,0.10241442107757083,0.14224123465876687,0.1253847273751162,0.14408573111612816,0.056925185959663095,0.05305535717719208,0.03870465813606673,0.028195643661623658,0.023629622189455326,0.01624785006088525,0.07033496192840738
>>>>>>> 7d66494 (added the csvs)
